video_id,title,publishedAt,channelId,channelTitle,categoryId,trending_date,tags,view_count,likes,dislikes,comment_count,thumbnail_link,comments_disabled,ratings_disabled,description
"ZjdoqWP5L_Q","손흥민의 '80m 돌파 골'을 본 무리뉴의 반응 ㄷㄷ","2019-12-07T18:43:34.000Z","UC6uATgzUF6Kub8pqhFdYoMg","풋볼이라 Football is Life","17","19.08.12","손흥민|토트넘|무리뉴|80m|Tottenham|Spurs|SON|sonheungmin","3653325","22098","820","1835","https://i.ytimg.com/vi/ZjdoqWP5L_Q/default.jpg","False","False","미쳤습니다 ㄷㄷ 다음 편도 기대해주세요!!#손흥민 #토트넘 #무리뉴 #역대급풋볼이라 인스타그램 ▶︎ https://www.instagram.com/iamyoonsung"
"gXtqzZTn-bU","손흥민 80m 폭풍질주 원더골 리얼 현장반응 ㄷㄷ","2019-12-07T20:20:35.000Z","UCmEvondZWMdSeOBj4NSFU7A","축구대장곽지혁","17","19.08.12","손흥민|쏘니|손흥민 골|손흥민 드리블|번리|토트넘|손흥민 반응|손흥민 직캠|손흥민 레전드|손흥민 스페셜|sonny goal","1507630","10942","427","645","https://i.ytimg.com/vi/gXtqzZTn-bU/default.jpg","False","False","#손흥민#토트넘#sonny여러분들에게 이 레전드 현장반응을 꼭 보여 드리고 싶었습니다!"
"GSJvG2Be_co","손흥민 '세기의 골', 온몸에 전율이 느껴지는 이유(난리난 현지 반응 포함)","2019-12-08T04:07:29.000Z","UCJ5-Y5pQbIcx-LveT1Tln8w","김진짜 Real KIM","17","19.08.12","손흥민|손흥민번리|토트넘|번리|토트넘번리|축구|해외축구|김진짜|세기의골|손흥민김진짜|손흥민마라도나|손흥민호나우두|손흥민골장면|손흥민세기의골|손흥민원더골|손흥민역사적인골|epl|푸스카스|푸스카스상|손흥민푸스카스|손흥민반응|손흥민현지반응|손흥민해외반응|김진짜분석","1448824","16385","1080","1691","https://i.ytimg.com/vi/GSJvG2Be_co/default.jpg","False","False","감사합니다인스타그램:https://www.instagram.com/kimjinjja10/?hl=ko비즈니스 메일: qksdidhkdwk@naver.com"
"OygsMKa1xAg","조폭과 싸이코패스가 엘리베이터를 탔다!","2019-12-07T05:36:09.000Z","UCb_GEWOGkCTXawWZKDtALwg","9bul","1","19.08.12","구불|싸이코패스|조폭|싸이패스다이어리|드라마|윤시윤|정인선","1932084","19683","856","2515","https://i.ytimg.com/vi/OygsMKa1xAg/default.jpg","False","False","구불의 국밥 이벤트..!! 국밥집 좌표: 서울시 강서구 화곡8동 342-58번지 소문난 가마솥 순대국*영업시간 오전9시-오후9시재래식 시장이라 주차 불가합니다.4명 초과 단체 인원x 포장, 배달 x 12월 6일 현재 남은 수량 100구린이들 맛있는 국밥 한 그릇 드시고 가세용~!!이벤트 지원:TVN메일주소 9bul.contact@gmail.com 공식 페이스북 페이지https://www.facebook.com/9bulworld/인스타그램 https://www.instagram.com/p/Bdj76iwFvDX/다이렉트 메세지는 답장못드립니다 ㅠㅠ 메일로 연락주세요.블로그 https://blog.naver.com/ohmanglee구불의 자료실창고 https://www.youtube.com/channel/UCIy3Kio-7zHUW1gwXNxkEHg구불 일상 노래파괴채널 8bul https://www.youtube.com/channel/UC8Znh6JUKEVBJChrcuiFj7g후원계좌:sc은행 35320274550 오X우구텐탁? 드라마보다 재밌는 병맛리뷰 구불입니다.싸이코 패스 다이어리..!  개인적으로 저는.. 호구가 싸이코패스라고 착각하는데 이게 먹혀.ㅋㅋ 이런 설정들이 재밌었습니다. 근데 이 싸이코패스라는 소재를 통해서 우리 감정중에 화를 다루려고 하는거 같아요. 평소에 화를 못내고 사는 사람들. 참고 사는 사람들, 직장인들이나 학생들에게 대리만족을 시켜줄 수 있는 드라마이지 않을까 생각이 들고요. 반면에 기억 상실증이라든가, 재벌 싸이코패스, 이야기 진행상 현실과는 좀 동떨어진 설정이 있어요. 어떤분들에게는 재미의 요소가 되겠지만 다른 분들에게는 또 유치할 수 있겠다라는 생각이 드는군요. 이런부분들은 드라마 선택하실때 고려해보시고.. 분명 소재는 충분히 흥미롭습니다. 근데 아직 두고봐야죠. 계속 방영중이니까..! 나도 아직 더 봐야될거 같애요.ㅋㅋ바쁜 현대인들에게 드라마가 난무하는 시대, 드라마 선택에 도움이 됐으면 좋겠습니다.  어우 제가 저번에 드라마 M을 리뷰하면서 드라마 코너를 만들었는데 그동안 리뷰 할 수 있는 드라마가 없었어요.ㅋㅋ그래도 이번에 구린이들 덕분에 TVN에서 드라마 콜라보 제안이 들어왔습니다. 와우 방송국에서 리뷰 제안도 들어오고 정말 감사드립니다. 근데 말로만 감사 드릴 수는 없어서 이번에 제가 TVN에 이벤트를 역제안을 했더니 TVN에서 흔쾌히 응해주셨습니다. 바로 국밥 이벤트..! 제가 자주가는 국밥집에 국밥 100그릇을 주문해놨습니다. 국밥집 선정 기준은..맛있어요. 그냥 제가 먹어보니까 맛있더라고.ㅋㅋ 구불채널 구독자라고 말씀하시면 한 분당 만원짜리 한 그릇씩 드실 수 있고요. 요 세가지 메뉴중에 저는 고기정식이 제일 맛있더라고요. 근데 자주 품절이 돼가지고 빨리 주문하시는게 좋을거 같습니다.위치는 까치산역 2번출구에서 나오셔서 앞으로 쭉 걸으시면 첫번째 골목 첫번째 집입니다. 좌표는 제가 고정댓글에 찍어드릴거고요. 몇 그릇 남았는지 아침 저녁으로 정보 업데이트 하겠습니다. 제가 기부 이벤트를 생각하다가 구린이들께 실질적으로 고마움을 전달할 방법으로 국밥 이벤트를 열게 됐는데.. 예전에 추운 겨울에 라면 끓여서 점심에는 면만 먹고 저녁에 남은 국물에 밥말아 먹었던 기억이나네요. 정말 국밥이 너무 먹고 싶었는데.. 여러분 덕분에 국밥먹을 수 있는 사람이 되어 너무 감사하고 따뜻한 국밥 한 그릇 대접해 드리고 싶었습니다.   근데 장소가 한정적이고 작은 이벤트라 미안합니다. 앞으로 계속 구린이들과 나눌 수 있는 채널, 사회에 도움이 되는 채널이 되도록 연구하고 시도해보겠습니다. 여러분 정말 고마워용..!구린이들.. 국밥까까?#싸이코패스다이어리 #호구 #국밥"
"2S1sGZxj50Q","[19/20 PL 16R] 토트넘 vs 번리 H/L","2019-12-07T17:21:07.000Z","UCtm_QoN2SIxwCE-59shX7Qg","SPOTV","17","19.08.12","SPOTV|스포티비|PL|프리미어리그|16R|토트넘|번리|무리뉴|손흥민|해리 케인|모우라|알리|시소코","1454586","16292","375","5311","https://i.ytimg.com/vi/2S1sGZxj50Q/default.jpg","False","False","토트넘 vs 번리 경기 하이라이트"
"D5fpRj4nWTg","[일본반응] 손흥민 미친 단독 드리블 시즌 10호골 작렬! 실황 일본반응","2019-12-07T23:59:54.000Z","UCWChazNpbbTMk1jCaRSwrvw","해외네티즌반응","25","19.08.12","해외|네티즌|반응|일본반응|일본|영국|축구|손흥민|토트넘|EPL|프리미어리그|번리|원더골","468867","3519","258","449","https://i.ytimg.com/vi/D5fpRj4nWTg/default.jpg","False","False","☆ http://www.gasengi.com  (가생이닷컴 공식 제휴 채널)  ☆ 12월 8일 토트넘 홈에서 열린 프리미어리그 토트넘 대 번리의 경기에서 한마디로 원더 골이라고 말할 수밖에 없는 골이 나왔습니다.일본 5ch 실황 반응을 골장면 위주로 살펴보았습니다.☆ 관련동영상[19/20 PL 16R] 토트넘 vs 번리 H/Lhttps://youtu.be/2S1sGZxj50Q#해외반응 #해외네티즌반응"
"Uf6cDXmYw0Y","직접 만든 악마의 단검으로 뜨끈한 돼지국밥 만들기 (vs 사나고)","2019-12-07T02:45:00.000Z","UCp94pzrtA5wPyZazbDq0CXA","긱블 Geekble","26","19.08.12","긱블|Geekble|사나고|sanago|리니지|diy|국밥충|돼지국밥","601668","9210","486","2199","https://i.ytimg.com/vi/Uf6cDXmYw0Y/default.jpg","False","False","고양이 유튜버 채널 바로가기http://bitly.kr/?i=ultUwe4지뇽쿤님과 함께 작품을 만들어주신 메이커 릴리님과 니아크님 채널 바로가기http://bitly.kr/?i=20GWWXi-긱블 유튜브 구독 : https://bit.ly/321VSEe긱블 카페: https://cafe.naver.com/geekbleofficial-긱블 유튜브 구독 : https://bit.ly/321VSEe긱블 카페: https://cafe.naver.com/geekbleofficial"
"eK_YCiWQ_5s","호돈신 같았다고 무리뉴가 극찬한 손흥민 푸스카스급 원더골ㅣ토트넘 번리전 리뷰","2019-12-07T23:59:32.000Z","UCKgYRjFGgvj7aS8y4EhH2CA","꽁병지tv","17","19.08.12","[none]","335661","5466","183","594","https://i.ytimg.com/vi/eK_YCiWQ_5s/default.jpg","False","False","꽁병지TV 구독 바로가기 : http://bitly.kr/LMLnBq구독 & 좋아요 알림설정 필수!제휴 문의 : kkongtv706@gmail.com"
"Zsgp2Mamf_w","(몰카) 음주운전으로 교통사고가 난후 친구들에게 도움을 요청했을때 반응은??ㅋㅋ우는거 실화야??","2019-12-08T08:15:13.000Z","UCyCL5k8P1iUOc1EymhhMW1A","더블비","23","19.08.12","[none]","835220","15604","1443","2099","https://i.ytimg.com/vi/Zsgp2Mamf_w/default.jpg","False","False","#youtube#english#facebook역시!! 탈모는 믿고 걸러야 했는데 김은수 박민규 탈모 대마왕들!!! 광고,협찬 문의  mingyu3@naver.com     인스타그램    장명준   https://www.instagram.com/mang_jun_/?...                        박민규   https://www.instagram.com/mingggkiiii...더블비 페이스북 https://www.facebook.com/officialdoub..."
"4NxHONRhG1c","HEUNG MIN SON FIRE 손흥민 WHAT A GOAL! HARRY CLASS A DOUBLE Tottenham (5) vs Burnley (0) EXPRESSIONS","2019-12-07T19:51:43.000Z","UC-HSLEEHVlnqlgTB7UptLeg","Expressions Oozing","17","19.08.12","tottenham|thfc|dele alli|class a cokane|expressions oozing|oozing sauce|harry kane|christian eriksen|spurs|COYS|premier league football|its peak|tottenham hotspur highlights|football|spurs official|spurs tv|손흥민|heung min son goal vs burnley|harry kane goal vs burnley|tottenham vs burnley 5-0 goals|tottenham vs burnley 5-0 highlights|expressions tottenham|tottenham hotspur|spurs vs burnley 5-0|aftv troopz|expressions","294760","4607","77","553","https://i.ytimg.com/vi/4NxHONRhG1c/default.jpg","False","False","#COYS SUBSCRIBE BELOWINSTAGRAMhttps://www.instagram.com/ExpressionsOOZINGTWITTERhttps://twitter.com/expressionsoozSNAPCHAThttps://www.snapchat.com/add/ExpressionsOABM/"
"vRI8SBixhyM","[현장 연결] 손흥민 80m 단독 돌파 현지인들도 “미쳤다” [토트넘vs번리 후토크]","2019-12-07T18:05:22.000Z","UCRDowcnvz5ZVh-3NVAdfiqg","박문성 '달수네라이브'","17","19.08.12","손흥민|토트넘|프리미어리그|원더골|푸스카스|무리뉴|번리|80미터|단독돌파골|달수네라이브|맨체스터현장후토크","656226","6766","939","667","https://i.ytimg.com/vi/vRI8SBixhyM/default.jpg","False","False","[현장 연결] 손흥민 80m 단독 돌파 현지인들도 “미쳤다” [토트넘vs번리 후토크]프리미어리그에서우리나라 선수가 이렇게 득점을 기록할 거라고본 적도 없고, 상상한 적도 없는 듯.#손흥민 #토트넘 #인생대박골 광고 문의 dalsu@feelstudio.co.kr"
"UjJyA19URHY","HIGHLIGHTS | SPURS 5-0 BURNLEY | ft. Heung-min Son's wonder goal!","2019-12-07T22:00:08.000Z","UCEg25rdRZXg32iwai6N6l0w","Tottenham Hotspur","17","19.08.12","Spurs|Tottenham Hotspur|Tottenham|Football|Spurs TV|White Hart Lane|Soccer|EPL|Premiership|Premier League|FA Cup|League Cup|COYS|THFC|Goals|Highlights|Training|Skills|Tricks|Hotspurs|Heung-min Son|Son|South Korea|Spurs 5-0 Burnley|Son goal","1821219","26361","462","2135","https://i.ytimg.com/vi/UjJyA19URHY/default.jpg","False","False","Watch all five goals from Tottenham Hotspur's Premier League win over Burnley, including Heung-min Son's unbelievable solo strike!Subscribe to Spurs TV on YouTube: http://spurs.to/YouTube Facebook: http://spurs.to/FacebookInstagram: http://spurs.to/InstagramTwitter: http://spurs.to/SpursOfficial"
"DuNVw1w3DRY","손흥민 = 마라도나+카카 80m드리블,수비수8명 제치고 골...진심 개미쳤다.... 역대급 골 탄생!! [토트넘vs번리 리뷰]","2019-12-07T17:39:11.000Z","UCbFzvzDu17eDZ3RIeaLRswQ","감스트GAMST","17","19.08.12","아프리카티비|아프리카tv|afreecatv|broadcast|감스트|비제이|김인직|인직|방송|bj|감튜브|콘텐츠|컨텐츠|비감|contents|gamst|injik|kiminjik|gamtube|bgam","637664","7342","616","1151","https://i.ytimg.com/vi/DuNVw1w3DRY/default.jpg","False","False","[2019.12.08] 방송영상 입니다.#토트넘 #번리 #감스트#푸스카스 #리네커♥ GAMST YouTube channel subscribe please ♥GAMST YouTube https://goo.gl/i1A0oNGAMST Facebook http://facebook.com/gamst0108GAMST Instagram http://Instagram.com/gamst17172GAMST TV http://afreeca.com/devil0108GAMST TV watch live http://play.afreeca.com/devil0108COPYRIGHTS ⓒ 2015 BY GAMST. ALL RIGHTS RESERVED."
"i_Raycp0vQY","악마의단검으로 악마 베기(vs 긱블)","2019-12-07T02:45:01.000Z","UCd4FmcWIVdWAy0-Q8OJBloQ","사나고","26","19.08.12","사나고|3D펜|3Dpen|만들기|making|3d프린터|3Dprinting|리니지|리니지2m|악마의단검","909768","22602","343","3654","https://i.ytimg.com/vi/i_Raycp0vQY/default.jpg","False","False","안녕하세요 사나고입니다. 오늘은 리니지2M의 악마의단검을 만들어서 마를 베어보았습니다● 3D펜 살땐! [사나고샵]https://smartstore.naver.com/sanago● 3D펜카페 [사나고의 3D펜 비밀기지]https://cafe.naver.com/sanago● 나고사진 보려면? 인스타그램https://www.instagram.com/sanago_kr/● 트위치 방송국 바로가기https://www.twitch.tv/sanago_kr● Contact 광고문의uggnll@naver.com#사나고 #3Dpen #3D펜"
"qm0ywMDRwyA","191206 Mic Drop Remix Dance Break @ BTS 방탄소년단 Jingle Ball LA Live Concert Fancam","2019-12-07T04:28:53.000Z","UCGxokRiJdemUQuwPQKi5Llg","theultimatedodo","24","19.08.12","[none]","1647020","109086","604","2857","https://i.ytimg.com/vi/qm0ywMDRwyA/default.jpg","False","False",""
"LBNR9MoDHJc","⚽진짜 멋있어서 미치겠다 손흥민 73M 인생골 리액션[토트넘VS번리]","2019-12-08T00:57:47.000Z","UC48NSSfUBsmL0k0wKxSqRkw","릴카","17","19.08.12","릴카|llilka|Lilka|종합게임|종합게임방송|종합게임채널|게임채널|게임|game|아프리카|아프리카티비|아프리카TV|AfreecaTv|배그|배틀그라운드|battlegrounds|PUBG|프랑스어|불어|승무원|스튜어디스|축구|축알못|토트넘|손흥민|80M인생골|리액션|손흥민골|토트넘번리|EPL|토트넘팬|son|sonny|son goal|react|reaction","416103","4990","297","605","https://i.ytimg.com/vi/LBNR9MoDHJc/default.jpg","False","False","안녕하세요..토트넘 번리 전 여운이 아직도 가시지 않았습니다 ㅠㅠㅠㅠ네이버 카페 http://cafe.naver.com/lilka인스타그램 https://www.instagram.com/xllilka/아프리카TV  http://afreecatv.com/llilka"
"_qxOzVg7Xu0","[ENG/CHN]구관이 명관, 클라쓰가 다른 원조 먹방러의 위엄(달달한 신곡뮤비있음) | 🍜라끼남 풀버전 1-2봉","2019-12-06T14:19:33.000Z","UCQ2O-iftmnlfrBuNsUUTofQ","채널 십오야","24","19.08.12","나영석|나PD|신서유기|신서유기외전|아간세|아이슬란드|아이슬란드간세끼|이수근|수근세끼|은지원|지원세끼|삼시세끼|세끼|신효정|나피디|묘한이|tvN|라끼남|라면끼리먹는남자|강호동|안성탕면|농심|너구리|양정우","1087328","16566","337","2172","https://i.ytimg.com/vi/_qxOzVg7Xu0/default.jpg","False","False","#강호동 #먹방끝판왕 #원조먹방러귤을 이렇게 먹는 것도 능력.**쿠키영상 : 신곡 '지리산day다' by 고막맛집 라끼남최고의 라면을 먹기 위한 육봉선생의 라면순례길 [라끼남] 12월 육일(금) 밤 10시 40분부터 육분 Olive & tvN 동시 첫 방송!  신상 라면 소식은?🍜 https://bit.ly/2RpuQEt"
"MLHLpXYqup8","결국 헤어졌습니다..","2019-12-07T03:36:19.000Z","UCW_WhXrfK3uPgljcdjFbsbg","송대익","22","19.08.12","한국|korea|south korea|korean|대한민국|안산|ansan|송대익|남자|man|gentleman|친구|friend|우정|Friendship|유머|코믹|웃긴 영상|코미디|comedy|재미|funny|장난|joke|여자|여성|girl|lady|사람|인물|people|아프리카tv|비제이|bj|web|drama|웹|드라마|웹드라마|우결|진결|웹툰|여자친구|전여친|여친|썸녀|썸|커플|couple|달달|설렘|탈모|애나벨|annabell|오예스|대구|daegu|이민영|민영|minyoung|결별|헤어짐|이별|눈물|tears|고백|1부|2부|추억|미련|슬픔|sadness|유학|카카오톡","1218973","21442","938","2701","https://i.ytimg.com/vi/MLHLpXYqup8/default.jpg","False","False","편집 : 제우, 태은무삭제 풀버전 - https://www.youtube.com/channel/UCn0X5CrDoVs9f7m9g3S1MpA대익 어린이에 대해 더 알고 싶다면아프리카tv 개인방송국 - http://bj.afreecatv.com/songdaeik페이스북 계정 - https://www.facebook.com/songdaeik페이스북 페이지 - https://www.facebook.com/songdaeik.page인스타그램 - https://www.instagram.com/songdaeik광고 및 협업 문의는 play1547@hanmail.net 으로 연락주시면 감사드리겠습니다. #English기억 - 배성모Youtube : http://reurl.kr/259358C7OBMusic Playlist by http://reurl.kr/259358B9VDGloomy - 윤제휘Music Playlist by http://reurl.kr/259358B9VD"
"XF6yxp-8YtI","손흥민 '70m 드리블' 원더골…모리뉴 호나우두 보는 듯 / 연합뉴스 (Yonhapnews)","2019-12-08T04:29:55.000Z","UCj3_t5p4L4aFsvdW3uHjnnw","연합뉴스 Yonhapnews","25","19.08.12","연합뉴스|yonhapnews|뉴스|영상|이슈|디지털|news|화제|손흥민|토트넘홋스퍼|토트넘|드리블|인생골|son|손세이셔널","155106","551","100","131","https://i.ytimg.com/vi/XF6yxp-8YtI/default.jpg","False","False","#손흥민 #폭풍드리블 #인생골    (서울=연합뉴스) 손세이셔널' 손흥민(토트넘)이 자신의 또 다른 별명인 '슈퍼 소닉'에 걸맞은 화끈한 질주 본능을 제대로 과시하면서 '인생골'에 성공했습니다.    손흥민은 8일(한국시간) 영국 런던의 토트넘 홋스퍼 스타디움에서 끝난 번리와 2019-2020 잉글랜드 프로축구 프리미어리그 16라운드 홈경기에서 1골 1도움의 맹활약을 펼치면서 팀의 5-0 대승에 힘을 보탰는데요.    조제 모리뉴 감독은 70ｍ가 넘든 '폭풍 질주' 드리블에 이은 원더골을 꽂은 손흥민에게 '손나우두'라는 별명을 붙여줬습니다. 브라질 출신의 골잡이 호나우두와 손흥민을 합친 말인데요.[편집 : 김종안][영상 : 유튜브 토트넘 홋스퍼·트위터 토트넘 홋스퍼·로이터]◆ 연합뉴스 유튜브  : https://www.youtube.com/yonhap◆ 연합뉴스 홈페이지→ http://www.yna.co.kr/◆ 연합뉴스 페이스북→ https://www.facebook.com/yonhap/◆ 연합뉴스 인스타 : https://goo.gl/UbqiQb◆ 연합뉴스 비디오메타 채널https://www.youtube.com/channel/UCTMCrbtHU0M0SR6TuBrL4Pw"
"qrkkxo6Ndtw","Frozen 2 - Into The Unknown ( cover by J.Fla )","2019-12-06T12:17:51.000Z","UClkRzsdvg7_RKVhwDwiDZOA","JFlaMusic","10","19.08.12","[none]","2571776","139206","2681","9307","https://i.ytimg.com/vi/qrkkxo6Ndtw/default.jpg","False","False","You can stream all of my songs here; Spotify: http://bit.ly/JFla-SpotifyApple Music: http://bit.ly/JFla-AppleMusicAmazon: http://bit.ly/JFla-AmazonDeezer: http://bit.ly/JFla-DeezerAnghami: http://bit.ly/JFla-AnghamiNetease: http://bit.ly/JFlaonNeteaseKKBox: http://bit.ly/JFla-KKBOXQQ: http://bit.ly/JFla-QQ-TencentMelon: http://bit.ly/JFla-MelonGenie: http://bit.ly/JFla-GenieNaver: http://bit.ly/JFla-Naver#loveyouguys #gardenersALSO Check out my new MERCH site - http://bit.ly/jflamerchDon't forget to subscribe, like and leave a comment.YouTube: https://www.youtube.com/jflamusicFacebook: https://www.facebook.com/jflaTwitter: https://www.twitter.com/jflaInstagram: https://www.instagram.com/jfla"
"n4kd7Tfq5UA","페북스타에서 맥심화보까지 찍은 그녀의 집을 강제로 쳐들어가보았닼ㅋㅋㅋㅋㅋㅋㅋㅋ 조재원의 하우스어택 8화 Feat. 박민정","2019-12-08T05:50:25.000Z","UC2o_y872S6YvaO1K8EYnoxg","조재원","23","19.08.12","[none]","503510","7461","150","706","https://i.ytimg.com/vi/n4kd7Tfq5UA/default.jpg","False","False","조재원 유튜브 구독!"
"tVrebm7mS1I","아들 생일 브롤스타즈 상어레온 케익 만들기 도전!! 성공할수 있을까요?(feat.구글 기프트카드)ㅣ토깽이네상상놀이터","2019-12-07T23:00:22.000Z","UCniBqAPwwWIQLbYo4uK2RWg","토깽이네","24","19.08.12","토깽이네상상놀이터|토상놀|토깽어뭉|가족일상|가족|일상|vlog|토깽이의상상놀이터|상상놀이터|토깽이|토깽이네|토깽이와상상놀이터|토깽이는상상놀이터|남매|현실남매|흔한남매|남매일상|family|reality|life|토깽패밀리|브이로그|패밀리 브이로그|가족 브이로그|family vlog|토깽이네 가족|토깽이네가족|구글기프트카드|기프트카드|구글|생일|생일케익|케익|케익만들기|단하나|수제케익|브롤스타즈|브롤|상어레온|레온","163824","2794","169","977","https://i.ytimg.com/vi/tVrebm7mS1I/default.jpg","False","False","#토깽이네상상놀이터 #토깽이네 #가족다린이 생일파티를 위해 생일케익을 만들려고 하는데다린이가 좋아하는 브롤스타즈 상어레온 케익을만들수 있을까요? ㅋㅋㅋㅋ♥ 비즈니스 이메일 (Business e-mail)- rabbitcym2@naver.com♥ [토깽이네] 어떤 채널일까요?토깽이네 채널은 남녀노소 누구나 즐길수 있는 가족형 채널입니다.4가족의 신나는 일상에 빠져 볼까요?♡ ♥[토깽이네] 사랑전달하기여러분의 ★구독 ★좋아요 ★댓글 ★공유는 토깽이네에게 큰힘이 되고 더 좋은 영상을 만들수 있는 발판이 됩니다. 저희 영상 봐주시는 분들께 항상 감사하고 진심으로 사랑합니다.[라이센스표기]1. Kevin MacLeod의 Barroom Ballet - Silent Film Light은(는) Creative Commons Attribution 라이선스(https://creativecommons.org/licenses/by/4.0/)에 따라 라이선스가 부여됩니다.출처: http://incompetech.com/music/royalty-free/index.html?isrc=USUAN1100310아티스트: http://incompetech.com/2. Audionautix의 You So Zany은(는) Creative Commons Attribution 라이선스(https://creativecommons.org/licenses/by/4.0/)에 따라 라이선스가 부여됩니다.아티스트: http://audionautix.com/3. Kevin MacLeod의 Baltic Levity - Thatched Villagers은(는) Creative Commons Attribution 라이선스(https://creativecommons.org/licenses/by/4.0/)에 따라 라이선스가 부여됩니다.출처: http://incompetech.com/music/royalty-free/index.html?isrc=USUAN1100720아티스트: http://incompetech.com/4. Audionautix의 Clowning Around은(는) Creative Commons Attribution 라이선스(https://creativecommons.org/licenses/by/4.0/)에 따라 라이선스가 부여됩니다.아티스트: http://audionautix.com/5. Audionautix의 Busybody은(는) Creative Commons Attribution 라이선스(https://creativecommons.org/licenses/by/4.0/)에 따라 라이선스가 부여됩니다.아티스트: http://audionautix.com/6. Kevin MacLeod의 Investigations은(는) Creative Commons Attribution 라이선스(https://creativecommons.org/licenses/by/4.0/)에 따라 라이선스가 부여됩니다.출처: http://incompetech.com/music/royalty-free/index.html?isrc=USUAN1100646아티스트: http://incompetech.com/7.Kevin MacLeod의 Baltic Levity - Thatched Villagers은(는) Creative Commons Attribution 라이선스(https://creativecommons.org/licenses/by/4.0/)에 따라 라이선스가 부여됩니다.출처: http://incompetech.com/music/royalty-free/index.html?isrc=USUAN1100720아티스트: http://incompetech.com/  ======================================================이 동영상의 저작권은 (주)래빗미디어(토깽이네)에게 있습니다. 영상 공유는 가능하나 허락 없이 무단 복제/배포하는 행위는 법적인 처벌을 받을수 있습니다.======================================================"
"EYv7s-FeQCI","미국선수단이 일본피해 대거 부산으로 들어온다는 현상황 갑작스런 대박에 정신없는 한국","2019-12-08T07:33:39.000Z","UCc4OuY3PeWklqBzQ3ySi3xA","Travel Tube","25","19.08.12","도쿄올림픽|한국|부산|일본|미국|전지훈련","479683","13640","179","1129","https://i.ytimg.com/vi/EYv7s-FeQCI/default.jpg","False","False","도쿄올림픽에 한국 전역이 전지훈련 장소로 떠오르고 있습니다.제휴컨텐츠 뉴스 기사의 부분 및 전체 인용 사전승인 - 저작권자(C)  연합뉴스, Travel Tube - 무단전재 및 재배포, 컨텐츠 도용, 영상 컨텐츠 재가공화 금지- 트래블튜브 영상공유 가능"
"EjJlrGisHZQ","설레는 썰 모음집5탄 모음집♥ [모음집]","2019-12-08T05:00:01.000Z","UC5D5VhXj_9JWr3IskPYOEdA","오늘의 영상툰","1","19.08.12","설레는 썰|설레는 일화|설렘썰|심쿵썰|사연툰|영상툰|오썰|오늘의 영상툰","378898","9769","162","1350","https://i.ytimg.com/vi/EjJlrGisHZQ/default.jpg","False","False","설레는 썰 17~20화를 모아봤습니다:) 오늘도 즐거운 하루 보내세요 오구님들 ♥  (◕‿◕✿) 맨 뒤에 설레는 썰 미공개본도 하나 있답니다♥🦄 오늘의 썰툰 구독하기 → https://bit.ly/2NqVyXQ🦄 사연보내는 곳 → http://bitly.kr/3xHrhf🦄 음악출처 →FLOW MUSIC 님 https://www.youtube.com/watch?v=cMrMxAmt8yw 짱구노래 메들리 커버곡"
"VS21YlDnTow","손흥민의 인생경기! 토트넘vs번리 5:0 승리! 손흥민이 극찬받을 수 밖에 없는 이유! 무리뉴손흥민 원더골은 가장 아름다운 골!!","2019-12-07T23:00:08.000Z","UCmGLKQgLtGhH4goyguKCFWA","흰수염고래스포츠","17","19.08.12","축구|손흥민|손흥민 원더골|손흥민 골|손흥민 활약|손흥민 하이라이트|손흥민 인터뷰|토트넘|토트넘 번리|손흥민 무리뉴","120630","1684","61","95","https://i.ytimg.com/vi/VS21YlDnTow/default.jpg","False","False","스포츠의 세계에서 알 수 없는 정보들을알차게 올려 드리는흰수염고래가 되겠습니다.구독과 좋아요 부탁 드립니다^^흰수염고래스포츠는 스포츠선수의 일화, 활동 및 경기내용 분석을소신껏 6~7시간에 걸쳐 작업을 하여 업로드를 하고 있습니다.부족하지만 성심성의껏 최선을 다하는 고래되도록 하겠습니다시청해주시는 분들께 감사합니다!#손흥민#토트넘#무리뉴"
"fvpf-TMVxtg","SUPERB SON (손흥민) SOLO GOAL & SISSOKO SCORES AGAIN!! | TOTTENHAM vs BURNLEY (5-0)","2019-12-07T20:42:22.000Z","UCqQ7c-IFplJjk1i0a_511kw","George Achillea","17","19.08.12","george achillea youtube|youtube george achillea|george achillea|george|achillea|tottenham hotspur|tottenham|hotspur|spurs|손흥민|son|heung|min|son heung min|heung min son|goal|superb son solo goal|solo goal|goal of the season|harry kane|wonderstrike|moussa|sissoko|scores|again|sissoko scores again|tottenham vs burnley|burnley|premier league|epl|matchday|vlog|coys|5-0|football|premiership","165971","4038","60","231","https://i.ytimg.com/vi/fvpf-TMVxtg/default.jpg","False","False","SUPERB SON (손흥민) SOLO GOAL & SISSOKO SCORES AGAIN!! | TOTTENHAM vs BURNLEY (5-0) Subscribe: https://bit.ly/GeorgeAch | 🔔Make sure to enable ALL push notifications!🔔Super Son Heung-Min scores an incredible solo goal, Harry Kane scores a wonderstrike and Sissoko scores AGAIN! Premier League Matchday vlog #COYS #손흥민  Follow George Achillea:Instagram: https://instagram.com/georgeachilleaTwitter: https://twitter.com/georgeachilleaWatch more George Achillea:Spurs Matchday Vlogs 2018/19: https://www.youtube.com/playlist?list=PLJ1QJ9QtcaNc3uNViGRrBkIYXc0oTjP74&playnext=1Spurs Pre-Season 2019/20: https://youtube.com/playlist?list=PLJ1QJ9QtcaNdeDxzqKY1hyWpkPE7DRjBc&playnext=1Russia World Cup 2018 Vlogs: https://youtube.com/playlist?list=PLJ1QJ9QtcaNcmBNUzdlQRYMSwD0jT9bTS&playnext=1About George Achillea:Welcome to the official George Achillea YouTube channel! On this channel, you’ll find a variety of Tottenham Hotspur and football content, including matchday vlogs, Spurs news, transfer talk, FIFA and more.I make the highest quality sporting vlogs on YouTube! Always aiming to provide the best experiences for fans that aren't as fortunate to see their team play week in, week out, so enjoy. 💙🔥  Next goal: 50k subscribers"
"5r10P0hI-o8","전투력대결!!과연승자는???!!군부심좀그만부려 !!ㅋㅋㅋㅋㅋㅋ에휴...","2019-12-08T04:00:12.000Z","UCfTJQQjCFU7GU0ll8TJ50tg","삼프로","22","19.08.12","#웃긴영상|#삼프로|#더블비|#몰카|#예능|#재밌는영상|#유튜브|#페이스북","136556","1449","94","174","https://i.ytimg.com/vi/5r10P0hI-o8/default.jpg","False","False","전투력대결!!과연승자는???!!군부심좀그만부려 !!ㅋㅋㅋㅋㅋㅋ에휴..."
"1z-POUzSQkg","실제로 만든 윈스턴 무기를 써봤습니다ㅋㅋㅋ(라인하르트 Feat.한아트)","2019-12-07T07:09:24.000Z","UCta_NRwnsUaew0t3VNxBNyg","김재원의 즐거운게임 세상","20","19.08.12","오버워치|오버워치 김재원|오버워치 김재원 실사무기|오버워치 김재원 윈스턴|오버워치 윈스턴|오버워치 윈스턴 실사무기|오버워치 실사무기|김재원|김재원 실사무기|김재원 윈스턴 실사무기|김재원 오버워치 실사무기|김재원 라인하르트 무기|김재원 라인 실사무기","402152","8162","220","1577","https://i.ytimg.com/vi/1z-POUzSQkg/default.jpg","False","False","한아트님 영상보기: https://youtu.be/MX-1-cx2RgU재미있게 보셧나용김재원 방송 https://www.twitch.tv/jaewon4915김재원 메일 wodnjs2601@naver.com구독 눌러주시고 알람해주시면더 빠르게 제영상을 보실수있당가요"
"ZcsHhtez0gg","[EP.5-2] 헉피, 넉살, 우원재, 김효은 합류! 사탄의 캐롤송?! '아마두' 제발 들어줘! [둘도없는힙합친구 : DAMOIM(다모임)] 쌈디 염따 더콰이엇 팔로알토 딥플로우","2019-12-08T06:00:04.000Z","UCviI9lzTe2pkxJ9M2ArA7WQ","dingo freestyle","10","19.08.12","dingofreestyle|dingo|freestyle|df|딩프|힙합|HipHop|랩퍼|싸이퍼|랩라이브|쇼미더머니|고등래퍼|딩고프리스타일","379503","7526","87","889","https://i.ytimg.com/vi/ZcsHhtez0gg/default.jpg","False","False","★다모임 팬십 구매 하기 : http://bit.ly/DAMOIM_FANSHIP★6화 바로 보기 : https://www.vlive.tv/video/163283😇아마두 (feat.우원재, 김효은, 넉살, Huckleberry P) - DAMOIM x Dingo 😇멜론 : http://kko.to/3qsgrr70B지니 : http://genie.co.kr/O8HBE2플로 : http://flomuz.io/s/b.Dv0rl벅스 : https://m.bugs.co.kr/track/31773096🎧[Dingo X DAMOIM 'Forever 84' 바로 듣기 🎧멜론 : http://kko.to/f2sNtY80T지니 : http://genie.co.kr/QBNSA2플로 : http://flomuz.io/s/b.Du1bm벅스 : https://m.bugs.co.kr/track/31756946#다모임 #DAMOIM #힙합다모임#딩고프리스타일 #DingoFreestyle #팔로알토 #딥플로우 #더콰이엇 #염따 #쌈디 #★딩고 프리스타일 구독하기 click https://www.youtube.com/user/nunnaamo?sub_confirmation=1 힙합 좀 즐길 줄 아는 사람이라면 지금 바로 딩고 프리스타일 구독하기!  ★이번 주 BEST :: https://youtu.be/OkEDeFKRnio ↘DF LIVE :: 스웨그 넘치는 라이브 https://www.youtube.com/playlist?list=PLCzi3FapEEFD-sv6mo1f406K8E0d4TuTG ↘DF INTERVIEW :: 힙합퍼들의 리얼 인터뷰 https://www.youtube.com/playlist?list=PLCzi3FapEEFCKNILJwcWSxPu9k4jXVtEn  ★딩고 뮤직 구독하기 click https://www.youtube.com/channel/UCtCiO5t2voB14CmZKTkIzPQ?sub_confirmation=1 ★일소라 구독하기 click https://www.youtube.com/channel/UCAbd8xHBGObktNG6F4GeChA?sub_confirmation=1"
"bWzh72T3vZQ","김어준의 다스뵈이다 90회 김의겸, 압수수색 그리고 포겟미낫","2019-12-06T13:00:11.000Z","UCxvU6bRtYhNLvZleAIGa-FQ","딴지방송국","25","19.08.12","[none]","812060","103209","1179","2992","https://i.ytimg.com/vi/bWzh72T3vZQ/default.jpg","False","False","유튜브 구독 인증 이벤트 진행!https://market.ddanzi.com/bbs/read.php?index_no=186137595&boardid=marketExhibitions- 이번 주도 믿을 수 없는 : 손원진과 쌈바 친구들- 관심에서 멀어진 중요한 일들 : 주진우 기자- 똑똑한 국회의원보다 더 똑똑한 보좌관 : 김성회 thinkWHY 연구소 소장, 정청래 전 의원- 다시 관심 가져야 할 세월호의 의문들 : 이상호 고발뉴스 기자- 총수가 대신 억울해하는 날아간 생애 첫 내 집의 꿈 : 김의겸 전 청와대 대변인- 아이들을 위한 나라는 없다 : 어린이 안전법 촉구 부모님들- 억울 시스터즈에서 물망초 시스터즈로 : 김현 전 의원, 최민희 전 의원- 창조적인 최근 사법부의 판결과 검찰의 압수수색 해설(통편집 서바이벌) : 김남국 변호사, 신장식 변호사, 장용진 아주경제 법조팀장- 시민이 만든 가장 성공적인 국회의원 모델 : 박주민 의원90회 사전 공연Manha de carnaval - 손원진과 쌈바 친구들https://youtu.be/75D8Zsd3aTs외로운 사람들 - 손원진과 쌈바 친구들https://youtu.be/HlGK4elVqsQO Mundo e um Moinho (세상은 방앗간) - 손원진과 쌈바 친구들(10시 오픈)https://youtu.be/5Yz6cVjH4Ys김성회의 옳은소리 구독https://www.youtube.com/channel/UCm9p6ciSbWCWKe79LELwjFg?sub_confirmation=1정청래 TV떴다! 구독https://www.youtube.com/user/ssabibi?sub_confirmation=1고발뉴스TV 구독https://www.youtube.com/user/GObalnews?sub_confirmation=1더불어민주당 유튜브 채널 [씀] 구독https://www.youtube.com/channel/UCoQD2xsqwzJA93PTIYERokg?sub_confirmation=1박주민TV 구독(곧 전모 의원tv에 구독자 수 따라잡힐지도 모르는 박주민 TV)https://www.youtube.com/channel/UCoFvuvMlEPICy1ClmlgzA4g?sub_confirmation=1그 남자의 쇼핑몰 - 딴지마켓http://market.ddanzi.com/index.php딴지방송국 100만 구독 가즈아!https://www.youtube.com/channel/UCxvU6bRtYhNLvZleAIGa-FQ?sub_confirmation=1"
"rVu-Q9_Thls","(※소름 주의) 갑자기 우리 집에서 의문의 치아가 발견된다면...?┃(※Creepy) What If Someone’s Teeth Were Found in Your House?","2019-12-07T04:00:04.000Z","UC0PsUG07plnP_uQQS9djFVQ","우와한 비디오 X SBS 세상에 이런일이","22","19.08.12","SBS|세상에이런일이|순간포착|순간포착 세상에 이런 일이|우와한비디오|역대급|놀라운 능력|놀라운 이야기|놀라운 사연|what on earth|wowvideo|how in the world|shook|amazing story|amazing human|talented human|amazing people|dope video|UC0PsUG07plnP_uQQS9djFVQ|의문의치아|소름주의|소름끼치는이야기|무서운이야기|미스터리|미스터리사건|유치|유치모으기|충격과공포|왜거기서나와|의문의사건|mysterioustales","539268","4455","243","284","https://i.ytimg.com/vi/rVu-Q9_Thls/default.jpg","False","False","*Please hit the CC button for subtitles*어느 날 집 찬장에서 주인 모를 의문의 치아가 20개나 발견되었습니다...! 방부제인 줄 알고 지나쳤지만 치아라는 것을 발견하고는 충격과 공포에 휩싸였다는 부부... 치아의 주인은 도대체 누구일까요....?(소오름)그 정체를 밝히기 위해 제작진이 모든 추리 회로를 가동하는데요! 풀면 풀수록 미궁에 빠지는 문제 같은 미스터리 치아 소동! 드디어... 소름 끼치는 치아의 정체가 드디어 밝혀지는데...!!! 지금 우와비와 함께 진실을 확인하러 가보시죠!#우와한비디오 #세상에이런일이 #의문의치아────────────────────────────제보·문의 ☞sbswowvideo@gmail.com▶우와한비디오 구독하기 : https://bit.ly/2UruBXv▶우와한비디오 페이스북 : https://www.facebook.com/wowwowvideo/▶우와한비디오 인스타그램 : https://www.instagram.com/sbswowvideo/▷100만뷰 이상 ♨핫클립♨ https://bit.ly/2Itw0eE▷기적·감동 놀라운 실화들 https://bit.ly/2UsXNxo▷덕후들의 수집 끝판전쟁 https://bit.ly/2UrvHCB▷이 구역 달인 모음.ZIP https://bit.ly/2GrOtof▷금손·다이아손 시리즈 https://bit.ly/2IIwBs6▷세상에 이런 동물이?! https://bit.ly/2GxzURE▷조금 평범하지 않은 먹방 플레이어(취존영역) https://bit.ly/2IsgGij▷미스테리·기묘한 실화들 http://bit.ly/2kisYiL"
"QU462sGMclc","[풀버전] 이제는 ′탑골 GD′로 더 유명한 양준일의 히트곡 메들리♬ 슈가맨3(SUGARMAN3) 2회","2019-12-06T13:58:04.000Z","UCFL1sCAksD6_7JIZwwHcwjQ","JTBC Entertainment","24","19.08.12","투유프로젝트|슈가맨|슈가맨3|유재석|유희열|김이나|헤이즈|양준일|가나다라마바사|Dance with me 아가씨|탑골GD|V2|풀버전|SUGAMAN|SUGAMAN3|SUGARMAN|SUGARMAN3","1395047","16896","284","4024","https://i.ytimg.com/vi/QU462sGMclc/default.jpg","False","False","슈가맨 : 양준일무려 30년 전 곡이라고는 믿기지 않을 만큼힙하고 멋스러움이 폭발하는 ′양준일′의 노래!′가나다라마바사′♪는 키치한 랩이 포인트☞시대를 앞서나간 ′Dance with me 아가씨′♬는양준일의 곡을 표현하기 딱 좋은 곡!"
"AJkDPL8oKao","박항서의 베트남, 캄보디아 4:0으로 격파하고 결승 진출! 60년만에 우승 도전! 박항서에 난리난 현지 반응!","2019-12-07T17:06:35.000Z","UCLvaHVogti2o0AkXoNZzeKA","코이티비KOITV","19","19.08.12","베트남|호치민|사이공|vietnam|hochiminh|saigon|음식|코이티비|베트남동생|현지 반응|베트남 결승 진출|베트남 캄보디아|베트남 박항서|박항서 매직|박항서 결승|박항서 축구|베트남 축구|베트남 현지 반응|베트남 우승|동남아시안게임","215926","4511","126","502","https://i.ytimg.com/vi/AJkDPL8oKao/default.jpg","False","False","*코이티비 채널은 베트남에 관한 이야기를 다루는 채널입니다.*비판은 감사하게 받아들이겠습니다 하지만 이유없이 악플을 다는 분들은 차단하도록 하겠습니다.*비지니스 문의는 monstaz.vn@gmail.com로 하시면 됩니다.*코이 인스타https://instagram.com/redhatsg*스카이 인스타https://instagram.com/cogaisky*모모 인스타https://instagram.com/cute___momo?utm_source=ig_profile_share&igshid=1mr0wjboof8r5- FACEBOOK 페이스북 : https://www.facebook.com/sukho.hong.39#베트남 #박항서 #현지반응"
"Pw7w1_q3Q5M","키즈카페가 그냥 커피라면 어린이집은 TOP야… 동심에 눈물폭발, 체력에 멘탈폭발, 오디오감독님 고막폭발 💀 어린이집 교사 리뷰ㅣ워크맨 ep.30","2019-12-06T09:00:04.000Z","UCwx6n_4OcLgzAGdty0RWCoA","워크맨-Workman","22","19.08.12","studiolululala|JTBC|스튜디오룰루랄라|룰루랄라|워크맨|직업리뷰|알바리뷰|알바썰|알바|직업|장성규|와썹맨|workman|job|wassupman|아르바이트|후기|알바후기|어린이집|유치원|어린이집교사|어린이집보육교사|어린이집교사의하루|보육교사|어린이집선생님","4084531","71434","1146","7463","https://i.ytimg.com/vi/Pw7w1_q3Q5M/default.jpg","False","False","JOB것들아~~~♥ 인력소장이다,,,,~~~😎 😎 😎진짜,,,,, 초등학교든,,,~중학교든~~ 어린이집이든!!!!선생님들 너~,,,무 대단하신거여,,, ,다들 리스펙~~~~~세상의 모든 job것들을 리뷰한다 [워크맨]▶ 매주 금 오후 6시 공개 #워크맨 #workman #장성규 #어린이집 #어린이집교사#직업리뷰 #알바리뷰 #장성규 #스튜디오룰루랄라"
"u0SszZDOc5s","[박시영의눈] 윤석열 멘붕, 나경원 아웃 그리고 아이들이 안전한 나라","2019-12-07T05:30:00.000Z","UCljnbFCt-4doBr7wtEIIbbw","김용민TV","25","19.08.12","김용민|김용민브리핑|데마시안|김엄마|나는꼼수다|관훈라이트|피하지방법원|히히히스토리|정치부심|카이로스|평화나무|박시영|박시영대표|윈지코리아|윈지코리아컨설팅|박시영의눈|윤석열|나경원|여론조사|총선|선거|이제복|아동안전위원회|민식이법|옐로카펫|옐로소사이어티","245629","18693","349","761","https://i.ytimg.com/vi/u0SszZDOc5s/default.jpg","False","False","쇼핑은 김용민 닷컴 https://www.kimyongmin.com/shop김용민TV 11월 LIVE 편성표월요일 21시 : 관훈라이트클럽 (with 민동기, 정상근)화요일 21시 : 피하지방법원 (with 김남국, 소제인)수요일 21시 : 히히히스토리 (with 김준혁, 오윤혜)목요일 21시 : 정치부심 (with 황현희, 박원석, 김성회, 최민희)금요일 20시 : 박시영의 눈 홍대 벙커1교회 공개방송 (업로드 토요일)광고문의master@demasian.com1544-1871"
"lwvTx_RsujM","김건모의 숨겨왔던 사생활을 공개한 가로세로연구소","2019-12-07T05:18:43.000Z","UCotOYDiVMLJfT4pNDrVrdOg","맞짱맨","22","19.08.12","김건모|가로세로연구소","310906","3386","1098","1172","https://i.ytimg.com/vi/lwvTx_RsujM/default.jpg","False","False","김건모의 숨겨왔던 사생활을 공개한 가로세로연구소"
"Q18EtigVQaY","김건모씨 걱정 마세요!!","2019-12-07T23:30:00.000Z","UCWZrtSsyPCEaMH4uSwdGrtw","성제준TV","22","19.08.12","김건모|성제준|정재승|강용석|가로세로연구소","171007","14221","1276","808","https://i.ytimg.com/vi/Q18EtigVQaY/default.jpg","False","False","메일 : jaejunsung@naver.com"
"hoUTa4gJzI8","소은이랑 처음으로...💋해버렸습니다.😳","2019-12-07T10:00:06.000Z","UC1L79yKbmVepsCYusa4KHLQ","깨박이","24","19.08.12","봉준|깨박이|킴성태|배틀그라운드|남순|킹기훈|보겸|엔터테이너먼트|여사친|썸녀|우결|아프리카TV|BJ|여캠|여동생|VLOG","494306","4047","212","638","https://i.ytimg.com/vi/hoUTa4gJzI8/default.jpg","False","False","소은님과 합동방송 영상입니다.AFREECATV Live ☞ http://play.afreecatv.com/dlghfjsInstgram ☞ https://www.instagram.com/dlghfjs/광고&문의는 dlghfjs@hanmail.net 로 연락주세요.#여사친#박소은#깨소은"
"POifRzXxxg4","文정권 무너지는 형세, 곧 대형폭발로 터진다! [고영신의 고언직설] 2부 (2019.12.08)","2019-12-07T21:45:00.000Z","UCR0VAgd0w8QI7WWQ0E8Srdw","황장수의 뉴스브리핑o","25","19.08.12","황장수|뉴스브리핑|고영신|문재인|청와대|민주당","88314","10877","844","514","https://i.ytimg.com/vi/POifRzXxxg4/default.jpg","False","False","미래경영연구소 회원모집1.홈페이지 www.newsbriefing.co.kr 에서 직접 가입 2.성함,휴대폰번호,주소를 문자로 발송: 010-9558-78033.회원 계좌 : 우리은행 1005-702-928498 미래경영연구소4.해외 교포 : PayPal 계좌 pjbjp24@naver.com"
"20CHPzLJU1U","北 동창리 실험…文의 기만극도 끝났다 (정규재 일요뉴스&논평 ; 12월 8일)","2019-12-08T05:36:53.000Z","UCOqCunaF9qVN8bXwsK0HT3g","펜앤드마이크TV","25","19.08.12","정규재|펜앤마이크|정규재tv|정규재방송|펜앤드마이크|일요일|일요뉴스|동창리|북한|김정은|미사일|핵|문재인|시진핑|왕이|트럼프|미국|중국","187489","21948","576","530","https://i.ytimg.com/vi/20CHPzLJU1U/default.jpg","False","False","[슈퍼챗 후원 방법]실시간 채팅 내 $(달러)기호 선택 - Super Chat 보내기 선택 - 금액 설정 - 메시지 입력(선택사항) - 구매 후 보내기 선택 - 안내에 따라 구매 완료* 월 1만원 정기구독이면 나라를 지킵니다! *1) 펜앤마이크 정기구독(해피나눔) 바로가기: https://www.ihappynanum.com/Nanum/complex/0BT4KW55HB2) 일시구독 계좌: 기업은행 024-088734-01-018 (주식회사 펜앤드마이크)     정기구독 계좌: 기업은행 024-088734-04-046 (주식회사 펜앤드마이크)각종 후원방법 안내: http://www.pennmike.com/com/spon.html"
"ro3MnkqxHTs","첫눈 뿌린 광화문에서 목격한 평생 잊을 수 없는 장면-애국의 신바람-아리랑 대합창!","2019-12-07T21:30:56.000Z","UCq2Ld6DYPkq_61vKvL7EFiw","조갑제TV","25","19.08.12","[none]","103070","13297","902","312","https://i.ytimg.com/vi/ro3MnkqxHTs/default.jpg","False","False",""
"iTXzZLJKnIE","[FANCAM]'70m 원더골' 손흥민! 번리전 후 무리뉴 감독과","2019-12-07T17:46:07.000Z","UCslHsYrei2VFZ3ZqHANNyzw","이건 Gun Lee의발품스토리 TV","17","19.08.12","[none]","331149","3483","101","477","https://i.ytimg.com/vi/iTXzZLJKnIE/default.jpg","False","False","2019년 12월 7일"
"muRVTs2Ir1w","조국, 혼자 뒤집어쓰나? '윗선'을 털어놓나? (진성호의 융단폭격)","2019-12-08T02:00:07.000Z","UC-ORGzN6c-OZyCw9YAYNjkA","진성호방송","22","19.08.12","진성호|진성호의 직설|진성호방송|진성호의 융단폭격|진성호TV|조국 민정수석|조국 법무부장관|조국 백원우","184758","16854","632","326","https://i.ytimg.com/vi/muRVTs2Ir1w/default.jpg","False","False","유재수 비리 감찰 무마 관련 조국은?"
"EGpRhsYI4bI","희귀한 물건 컨테스트 1화 (이런걸 왜 갖고 있음ㅋㅋㅋㅋㅋ)","2019-12-07T09:26:39.000Z","UC-Zedn7a_RJyb5hUQ-aGZog","머독방송","20","19.08.12","머독|ajehr|머독방송|DP|아이작|카스|카스온라인|ㅁㄷ|앙빅|배틀그라운드|트위치|머도기","191921","2977","65","580","https://i.ytimg.com/vi/EGpRhsYI4bI/default.jpg","False","False","편집 : Cobung 님썸네일 : 머독#컨테스트 #희귀한물건 #내기"
"gcpjNvKhmcQ","던질까 말까ㅋㅋㅋ(feat.역대급 병맛)","2019-12-08T00:58:51.000Z","UCJundLkbjldzL60kFfKm1vQ","급식왕","23","19.08.12","#급식왕|#두더지|#발가락쌤|#징징이|#방울이|#학교|#웃긴영상|#공트|던질까말까|던질까말까트니트니|깝숙이|얌생이|노래|중독노래|병맛노래|던질까말까1시간|던질까|말까|트니|트니트니|수능금지곡","207300","4840","264","1130","https://i.ytimg.com/vi/gcpjNvKhmcQ/default.jpg","False","False","#던질까말까 #노래 #병맛비즈니스 메일 E-MAIL(BUSINESS) : schoolfoodking@sandboxnetwork.net급식왕과 소통하실 분들은 인스타 https://www.instagram.com/schoolfoodking/틱톡 아이디 schoolfoodkinghttp://vt.tiktok.com/d69rtD/ 페이스북https://www.facebook.com/profile.php?id=100040932466628"
"Pc4GEOh8nog","'박항서 매직' 베트남 축구, 이젠 해트트릭까지?! 캄보디아 4:0 대파! SEA U22 결승 진출! 60년만에 우승각! 베트남은 축제 분위기! 현지반응","2019-12-07T22:43:21.000Z","UCuKu1IcunQYJ8_sFGJbbmmA","임한량","22","19.08.12","박항서|베트남 축구|박항서 매직|베트남 vs 캄보디아|동남아시안 게임|vietnam vs cambodia|Seagame 30|u22vietnam|축구|vietnam bong da|현지반응|park hang seo","111958","1329","57","231","https://i.ytimg.com/vi/Pc4GEOh8nog/default.jpg","False","False","베트남이 캄보디아를 4:0으로 영혼까지 털어버리고 동남아시안 게임 결승전에 진출 했습니다. 60년만에 우승각인가요?! #박항서 #베트남축구 #현지반응"
"p_Zqy6Z1blw","191206 (Boy With Luv - with Halsey ) BTS 방탄소년단 Jingle Ball LA 2019","2019-12-07T05:02:26.000Z","UCa21kd8AyODq7o0R32OKVVw","bellank18","22","19.08.12","[none]","255508","11591","80","384","https://i.ytimg.com/vi/p_Zqy6Z1blw/default.jpg","False","False","BTS @ Jingle Ball LA - The Forum 12/6/19.If you use my videos in any form, credit me 😊"
"HN1RNqYY3gA","드림카 사준다고 유혹하는 하콩이🚗 소개팅남 현실 반응 ㅋㅋㅋ [아바타 소개팅] - KoonTV","2019-12-07T09:34:50.000Z","UCbfRcXCHe5I2RI6F8XIUQng","최군TV funny","24","19.08.12","최군TV funny|chKoonTV|최군|쿤티비|koontv|아바타소개팅|아바타 소개팅|소개팅|연애|만남|데이트|커플|고백|소개팅 애프터|김하콩|하콩|황정하|시미켄|시미켄TV","115864","778","63","149","https://i.ytimg.com/vi/HN1RNqYY3gA/default.jpg","False","False","드림카 사준다고 유혹하는 하콩이🚗배우 소개팅남의 현실 반응 ㅋㅋㅋ[아바타 소개팅 김하콩 편 - 2부]저 사상이 ㅇㄹ해요... 하콩이 드립에 1도 당황 안 하고 받아치는 배우 소개팅남 ㅋㅋㅋ▶ 1부 보기 : https://youtu.be/vDTenpiOuoU#최군 #김하콩 #하콩이 #황정하 #아바타소개팅* 쿤TV 무삭제 풀영상 채널 : https://www.youtube.com/channel/UCwGeidQWKEMdFIujQrz37qw* 쿤TV 공식 페이스북 : https://www.facebook.com/GOLBANGLIVE* 최군 인스타그램 : http://instagram.com/koon1716*이 영상을 퍼가기는 허용하나 허가없이 변경/배포 할 시 법적책임을 물을 수 있습니다.*Copyright(c)2019 KoonTV All rights reserved."
"ytDUUz3b4nE","[CHOREOGRAPHY] BTS (방탄소년단) 2019 MMA 'Dionysus' Intro Performance Dance Practice","2019-12-07T11:00:08.000Z","UCLkAepWjdylmXSltofFvsYQ","BANGTANTV","10","19.08.12","방탄소년단|BTS|BANGTAN|HIPHOP|알엠|RM|슈가|SUGA|제이홉|jhope|지민|JIMIN|뷔|정국|JUNGKOOK|진|JIN","2787120","564578","2240","22964","https://i.ytimg.com/vi/ytDUUz3b4nE/default.jpg","False","False","BTS Official Homepage http://bts.ibighit.comBTS Blog http://btsblog.ibighit.comBTS Facebook https://www.facebook.com/bangtan.official"
"FRn3D2jvWn0","후배들 앞에서 멋있는 척 이미지관리 하는 김동현 과연 어디까지 할 수 있을까?! 관찰카메라📷ㅋㅋㅋㅋㅋㅋㅋㅋㅋ","2019-12-06T13:36:38.000Z","UC9ZLv1m7QDLv991X1-p50AA","보물섬","23","19.08.12","[none]","780605","13018","392","1444","https://i.ytimg.com/vi/FRn3D2jvWn0/default.jpg","False","False","우리한테도 잘해줘라 쫌...!!!(소리가 날아가서 재업하게 되었습니다.)"
"hPkI2g5g0Rk","[후토크] 손흥민, 73m를 한 방에 뚫어버리는 레전드골!! 이정도면 경찰에 잡혀가... (토트넘vs번리)","2019-12-07T18:27:32.000Z","UCn9mJ4htO64-1osMWYu9k5Q","이스타TV","17","19.08.12","이스타|이스타TV|이주헌|박종윤|히든풋볼|맨유|맨시티|아스날|리버풀|첼시|토트넘|솔샤르|펩|과르디올라|에메리|클롬|램파드|포체티노|손흥민|주간EPL|방구석토크|후토크|WPT|번리|번리 토트넘|토트넘 번리|무리뉴|손흥민 골|손흥민 도움|손흥민 73m","235300","3756","104","599","https://i.ytimg.com/vi/hPkI2g5g0Rk/default.jpg","False","False","이스타TV : http://afreecatv.com/e9dongsung히든풋볼 : http://www.podbbang.com/ch/9907이스타몰 : http://leestarmall.com광고문의 : admin@leestartv.com#손흥민 #토트넘 #번리"
"fvCoTbogSl8","'하명수사' 논란 증폭…해명할수록 의혹 키우는 청와대","2019-12-07T06:10:02.000Z","UCWlV3Lz_55UaX4JsMj-z__Q","뉴스TVCHOSUN","25","19.08.12","TV조선|티비조선|조선일보|종편|종합편성|TV조선뉴스|뉴스|뉴스프로그램|NEWS|채널19|CH19|뉴스9|뉴스7|포커스|신동욱|윤우리","178894","6448","1197","690","https://i.ytimg.com/vi/fvCoTbogSl8/default.jpg","False","False","한 주간 정치권 소식 전해드리겠습니다. 최병묵 TV CHOSUN 해설위원, 신지호 박사, 김홍국 경기대 겸임교수, 김상일 시사평론가 나오셨습니다.- '김기현 첩보 제보' 송병기, 檢 조사 마치고 귀가- 송병기, 김기현 진술 때 가명 사용- 송병기, 청와대에 제보한 뒤 참고인 진술- 靑 며칠 전 문건 확인…홍익표 한 달 전 입수- 홍익표 여러 경로를 통해서 확보한 것- 송병기, 지난해 압수수색 후 1번 더 참고인 진술- 靑 첩보 제보받아 ↔ 송병기 정부가 먼저 물어봐- 송병기, 첩보 제공 후 경찰 수사에서도 직접 진술?- 첩보문건 생산 경위 두고 靑과 송병기 주장 달라- 靑 제보자 드러나자…靑 제보자 밝혔다면 그게 불법[Ch.19]  사실을 보고 진실을 말합니다.👍🏻 공식 홈페이지 http://news.tvchosun.com/👍🏻 공식  페이스북 https://www.facebook.com/tvchosunnews/👍🏻 공식 트위터 https://twitter.com/TVChosunNews* 뉴스제보 : 이메일(tvchosun@chosun.com), 카카오톡(tv조선제보), 전화(1661-0190)"
"rRZtVrh6kgI","[Ep.71] 내 헤드셋 누가 가져갔어?","2019-12-06T12:00:14.000Z","UCtckgmUcpzqGnzcs7xEqMzQ","자이언트 펭TV","1","19.08.12","펭|펭수|펭귄|팽수|vpd|vpdtn|자이언트펭TV|펭TV|TV|코난|추리|지니어스|홍진호|북극|남극|사백안|자펭|KB|국민카드|국민은행|전도일|셜록홈즈|셜록|탐정|가제트|형사|북극곰|절도|경찰서","1125360","35070","393","5453","https://i.ytimg.com/vi/rRZtVrh6kgI/default.jpg","False","False","펭수가 헤드셋을 사기당했다!?명탐정이 된 펭수가 벌이는 집요한 조사 끝에 범인은...?============================[MUSIC INFO] 1. 시간이 없는 관계로_개미_더 패키지 OST2. 기다림_이승열3. 재한의 추리_김준석_시그널 OST4. 아르곤_티어라이너_아르곤 OST5. Empire State Of Mind_Alicia Keys6. Lolita_Lana Del Rey7. 그냥 (Just)_Zion.T, Crush8. Lovin' You_Minnie Riperton9. Clickers_Various Artists_돈꽃 OST10. Fly Me To The Moon_조성모11. 단독전쟁_이승환12. Despicable Me 3 Score Suite_Heitor Pereira_슈퍼배드 3 (Despicable Me 3) OST13. 마지막 파티_방준석, 김명환_베테랑 OST14. Escape Room (Madsonik And Kill The Noise Remix)_Brian Tyler, John Carey_이스케이프 룸 (Escape Room) OST15. 찌질하고 처량한_Various Artists_질투의 화신  OST16. Loving You_Kenny G17. 비밀의숲_김준석_비밀의 숲 OST18. The Empire Of Hatred (증오의 제국)_넥스트(N.EX.T)19. Gloomy Sunday_MC 스나이퍼_20. The Masterplan_Oasis21. MacGyver_The Daniel Caine Orchestra============================"
"y9CRghWTnBs","[유시민의 알릴레오 40회] 태평양 건너 힘쎈 친구 이야기 - 조성렬 국가안보전략연구원 자문연구위원, 정경영 한양대학교 국제대학원 겸임교수","2019-12-06T11:00:13.000Z","UCJS9VvReVkplPwCIbxnbsjQ","사람사는세상노무현재단","25","19.08.12","노무현|노무현재단|방위비|분담금|미국|미군|철수|핵우산","346959","34439","510","930","https://i.ytimg.com/vi/y9CRghWTnBs/default.jpg","False","False","노무현재단은 후원회원 한분 한분이 보내주시는 소중한 후원금으로 운영됩니다. 여러분의 후원이 세상을 바꾸고, 대한민국의 미래를 만들어갑니다.　 ◎ 사람사는세상 노무현재단 공식 SNS홈페이지  http://www.knowhow.or.kr후원안내  1688-0523페이스북 https://www.facebook.com/rmoohyun인스타그램 https://www.instagram.com/rohmoohyunfoundation유튜브 https://www.youtube.com/c/사람사는세상노무현재단트위터 https://twitter.com/RohFoundation노무현사료관 http://archives.knowhow.or.kr"
"IO_omH4S2EI","쌉졸귀탱이라고 봐줄줄 알았냐? 카카오 무선 이어폰을 6만원주고 사보았다.","2019-12-07T11:30:01.000Z","UCdUcjkyZtf-1WJyPPiETF1g","ITSub잇섭","28","19.08.12","[none]","534708","7159","161","2030","https://i.ytimg.com/vi/IO_omH4S2EI/default.jpg","False","False","무선이어폰이 10~30만원 하는 시장에서 카카오 캐릭터가 6만원이라니..? 졸귀탱에 나름 혜자가격인 것 같아서 구입해봤으나 역시나 역시인가요? 생각보다는 괜찮았지만 쓰면 쓸수록 만족감이;;▶ Spec.모델명 : 카카오프렌즈 블루투스 이어폰드라이버 : 8mm 다이나믹 드라이버무게 : 5g/32g(케이스)배터리 : 4시간(음악재생)/20시간(케이스포함)방수 : 제조사에서 안알랴쥼특징 : 졸귀탱, 에어팟도 없는 볼륨 조절 기능가격 : 66,000원▶ Music.Magic by @TONEZPRO https://soundcloud.com/tonez-proCreative Commons — Attribution 3.0 Unported— CC BY 3.0 Free Download / Stream: https://bit.ly/magic-tonezproMusic promoted by Audio Library https://youtu.be/gr_sQ_nGejM▶ Tag.#졸귀탱 #카카오 #무선이어폰▶ 잇섭의 it 다잇섭 E-MAIL - kdsk3622@gmail.com FACEBOOK - https://www.facebook.com/ITSubb/INSTAGRAM - https://www.instagram.com/itsubb/"
"XnBBsF-03AM","수련회에 가다 | 밍꼬박스-나레이션 편 [밍꼬발랄]","2019-12-07T00:00:03.000Z","UCCJkwrmhIqWkSFV-sQol4Qw","밍꼬발랄Mingggo","23","19.08.12","밍꼬발랄|밍꼬|꼬밍|발랄|모아보기|이어보기|정주행|꿀잼|꿀팁|유형|유형별|꼭있는유형|유형별공감|공감|소통|댓글요청|사건|사연|재연|연기|에피소드|이야기|상황극|공감상황극|학교공감|학생공감|친구공감|교실공감|형제공감|자매공감|아빠공감|엄마공감|가족공감|유형드라마|mingggo|story|episode|acting|type|interesting_story|funny_story|interesting_episode|funny_episode|type_drama|empathy|empathy_by_type|Must-have_type|school_empathy|student_empathy|friend_empathy|共感|类型|学校共感|学生共感|友達共感|Đồngcảm|kiểu|Đồngcảm_theoloại|Đồngcảm_của_trường|Đồngcảm_của_học_sinh|투니버스|투니버스밍꼬발랄|밍꼬박스|나레이션편|수련회에가다","349435","7966","258","1588","https://i.ytimg.com/vi/XnBBsF-03AM/default.jpg","False","False","나레이션대로 등장인물이 움직이는 '나레이션 편'오늘은 수련회에 간 이야기입니다.수련회에선 무슨 일이 생길까요?!-오늘도 밍꼬스럽게, 밍꼬박스-[밍꼬 배경화면]_https://grafolio.naver.com/mingggo[밍꼬 페이스북]_https://www.facebook.com/mingggggo[밍꼬 인스타그램]_https://www.instagram.com/mingggggo#밍꼬박스_나레이션편 #수련회에가다 #움치치움치치둠칫둠칫(BGM)Kevin MacLeod의 Fig Leaf Rag은(는) Creative Commons Attribution 라이선스(https://creativecommons.org/licenses/by/4.0/)에 따라 라이선스가 부여됩니다.출처: http://incompetech.com/music/royalty-free/index.html?isrc=USUAN1100701아티스트: http://incompetech.com/Kevin MacLeod의 Investigations은(는) Creative Commons Attribution 라이선스(https://creativecommons.org/licenses/by/4.0/)에 따라 라이선스가 부여됩니다.출처: http://incompetech.com/music/royalty-free/index.html?isrc=USUAN1100646아티스트: http://incompetech.com/Kevin MacLeod의 Gold Rush은(는) Creative Commons Attribution 라이선스(https://creativecommons.org/licenses/by/4.0/)에 따라 라이선스가 부여됩니다.출처: http://incompetech.com/music/royalty-free/index.html?isrc=USUAN1100217아티스트: http://incompetech.com/✘ Title: The Builder✘ Music: Kevin MacLeod✘ License: CC BY 3.0 (http://goo.gl/BlcHZR) Audionautix의 Sneaky Snooper은(는) Creative Commons Attribution 라이선스(https://creativecommons.org/licenses/by/4.0/)에 따라 라이선스가 부여됩니다.아티스트: http://audionautix.com/"
"rxme-4czgTc","윤석열이 추미애를 이길 세가지무기 [서정욱의 이것이 법이다]","2019-12-07T04:45:00.000Z","UCM8BcGB6BWKq3utIMhGKnUA","고성국TV","25","19.08.12","고성국TV","260386","25421","1506","845","https://i.ytimg.com/vi/rxme-4czgTc/default.jpg","False","False","윤석열이 추미애를 이길 3가지무기 [서정욱의 이것이 법이다]* 자율구독료:  490701-01-183911 국민(고성국)* 정기구독 계좌이체 신청: http://www.ihappynanum.com/Nanum/B/QLUJSFZ0MJ* ARS자동이체: 1877-1891**구독료는 좋은 방송을 만드는데 큰 도움이 됩니다. # 문의:  kosungkook.tv@gmail.com/ 010-6657-3010"
"hPZMBkoHqqY","[해외반응] “마라도나 빙의” 손흥민 원더골에 세계가 놀랐다 (Live 후토크)","2019-12-07T17:51:58.000Z","UCmKTwXS5wC4Ww4X6PyXjMYg","서형욱의 뽈리TV","17","19.08.12","손흥민|프리미어리그|토트넘|무리뉴|해리케인|번리","194301","3234","160","154","https://i.ytimg.com/vi/hPZMBkoHqqY/default.jpg","False","False","#공식MOM #평점10점 #번리전"
"EVPD3as8R1o","파산했지만 약속지키려 1억다썼습니다","2019-12-07T12:01:46.000Z","UCu9BCtGIEr73LXZsKmoujKw","보겸 TV","24","19.08.12","보겸|bokyem|나눔|행사|이벤트|event","1479941","118284","428","217276","https://i.ytimg.com/vi/EVPD3as8R1o/default.jpg","False","False","보겸TV 유튜브 구독하기 :: https://goo.gl/08r0gG보겸TV의 달달한 영상을 바로바로 시청하시려면 구독은 필수!보겸의 배틀그라운드 영상 모음 :: https://goo.gl/HE4cFd보겸의 오버워치 영상 모음 :: https://goo.gl/tSbgv0보겸의 롤 하이라이트 모음 :: http://goo.gl/It3CHa보겸의 보슐랭가이드/먹방 모음 :: https://goo.gl/em8WLQ보겸의 착불택배 개봉기 모음 :: https://goo.gl/o5nTzd보겸의 원피스 대백과사전 모음 ::  http://goo.gl/Psk9Uq보겸의 클래시로얄 모음 :: https://goo.gl/7wFF3D보겸이 아프리카TV 방송국 :: http://afreeca.com/bokyem123보겸이 인스타그램 :: https://www.instagram.com/great_bk보겸이 페이스북  :: https://www.facebook.com/gbk123456다양한 콘텐츠로 여러분을 찾아 뵙겠습니다!광고&섭외 문의는 bokyem123@naver.com로 문의주세요."
"-zNM-y8fTKI","Heung Min-Son (손흥 민) makes it 3-0, Incredible Solo Goal!! (Goal reaction)","2019-12-07T15:38:12.000Z","UCUz_XIKFQOrliSqPZWJBq2g","WeAreTottenhamTV","17","19.08.12","[none]","181841","1235","146","136","https://i.ytimg.com/vi/-zNM-y8fTKI/default.jpg","False","False","Son Scores an Incredible solo goal to make it Tottenham 3 Burnley 0"
"DxE6RM0zAnU","[정치人싸] 나경원 원내대표 무산 후 보좌진과 회식서 울었다 - 김태현, 현근택 신장식, 이준석","2019-12-07T05:05:38.000Z","UCTTmtS2ljy1vyl_s-d_LEHQ","MBC라디오","25","19.08.12","정치인싸|정치人싸|정치토론|시사토론|정치라디오|시사라디오|시사대담|정치대담|시사팟캐스트|정치팟캐스트|MBC라디오|MBC팟캐스트|김태현|김태현변호사|한국당|자유한국당|현근택|현근택변호사|민주당|더불어민주당|이준석|바른미래당|황교안|문재인대통령|문재인|대통령|진보유튜브|박근혜|패스트트랙|조국|총선전략|총선|공천|정의당|신장식변호사|신장식|변혁모임|단식|연동형비례대표제|적폐|나경원|윤상현|유기준|친박|진박|강석호|심재철|손학규|친황|도로친박당|비박|진박감별사|홍준표|안상수|비례대표|동작|노회찬|나경원눈물|원내대표","132432","2889","372","453","https://i.ytimg.com/vi/DxE6RM0zAnU/default.jpg","False","False","인싸를 꿈꾸는 네 남자의 유쾌·상쾌·통쾌 정치 토크쇼!| 시즌 2 PPL을 원하시는 분은 댓글 혹은,    mbcradiofocus@gmail.com 으로 메일 주세요.#정치인싸 #김태현변호사 #현근택변호사 #신장식변호사 #이준석#한국당 #민주당 #정의당 #변혁모임"
"mAwgAvWW3F0","'알 수없는 알고리즘이 나를..' : 그놈의 알고리즘 드립","2019-12-07T09:00:16.000Z","UCuh6Br1vzgo1LivYgKvno5Q","아이템의 인벤토리","27","19.08.12","아이템|아이템의인벤토리|드립|유래|어디서|유튜브|알고리즘|추천|알수없는|Algorithm|Recomendations","325538","8469","130","3131","https://i.ytimg.com/vi/mAwgAvWW3F0/default.jpg","False","False","예순번째로 알아볼 것은 '알고리즘'드립입니다.알파고를 만든 구글, 그곳의 딥러닝, 알고리즘 시스템은 정말 머-단하겠죠?근데 우리 메인 피드에 뜨는 영상들은...음...다른 의미로 머-단합니다.이 '알 수 없는 알고리즘'드립은 어디서 유래되었을까요?#유튜브의 #알수없는 #알고리즘BGM 정보 ::Track: RetroVision - Campfire [NCS Release]Music provided by NoCopyrightSounds.Watch: https://youtu.be/geOGWGe0aB8Free Download / Stream: http://ncs.io/CampfireYO"
"rpO5HyfJ08w","일진 고딩이 마동석 심기를 건드리면 생기는 일","2019-12-07T00:58:00.000Z","UCxlv4aOnrRTXMRSL8bVJqEw","B Man 삐맨","1","19.08.12","시동|마동석|이터널즈|거석이 형|택일|마동석 영화|마동석 마블|마동석 영어|마동석 이웃사람|마동석 범죄도시|마동석 액션|마동석 팔씨름|마동석 길가메쉬","729582","3944","205","372","https://i.ytimg.com/vi/rpO5HyfJ08w/default.jpg","False","False","여러분 안녕하세요 삐맨입니다.오늘은 영화 '시동'에 대해 알아보려 합니다. 재밌게 보시고 추천과 구독 부탁드립니다.감사합니다.제작지원: New 엔터테인먼트"
"fq41cVzfngI","우리집 고양이가 얘 보더니 고양이 아니다에 츄르 가진거 다 건대요 ㅣ Swimming Phelps Cat *LIT*","2019-12-06T08:00:13.000Z","UC22go5LdQEw-iDuxFb4C0hw","SBS TV동물농장x애니멀봐","15","19.08.12","애니멀봐|동물농장|TV동물농장|동물농장 애니멀봐|애니멀봐 동물농장|sbs animal farm|sbs animal eng sub|sbs animal show|sbs animal farm 2019|animals|animal farm|tv animal farm|tv animal farm korean eng sub|tv animal farm eng sub|동물영상|재미있는 동물영상|동물농장 고양이|애니멀봐 고양이|수영하는 고양이|고양이 헤엄|고양이 수영|고양이 수영장|고양이 반신욕|특이한 고양이|신기한 고양이|swimming cat|cat swimming|cat pool|cat swim|cat love water|cat like water|cat enjoy water|cat in pool|funny cat video in water","1214222","29173","294","2337","https://i.ytimg.com/vi/fq41cVzfngI/default.jpg","False","False","남다른 성격과 남다른 냥갈퀴로 수영하는 고양이 홍이 (feat. 아기냥 꼬물이)#애니멀봐고양이 #수영하는고양이-------------------------------------------------애니멀봐와 한배타고⛵☞ https://goo.gl/WL9mGy홍이 같은 고양이 더 보기🐱☞ https://youtu.be/mnqxe9Hj5Z0 아님 다른 동물 더 보고나서🐯☞ https://youtu.be/_v10SMRXPCc[애니멀봐]와 베프되기　페이스북: https://www.facebook.com/sbstvanimal　인스타그램: https://www.instagram.com/sbsanimal　트위터: https://twitter.com/sbsyang"
"Be5woOHNwlA","(eng) 10kg인생최대 '대광어’를 해체하라!!!! How to Cut a Flatfish!!!","2019-12-07T11:00:02.000Z","UCIUfR-2qcpWqgAIfZJXOLWA","수빙수tv sooBingsoo","22","19.08.12","광어|대광어|광어손질|광어회|자연산광어|생선손질|오로시|숙성회|날치알|데마끼|돈까스|강호동가스|생선까스|먹방|쿡방|mukbang|Flatfish|ヒラメ","602588","12675","349","3711","https://i.ytimg.com/vi/Be5woOHNwlA/default.jpg","False","False","안녕하세요! 수빙수tv의 수빙수입니다!!! 혀러분 오래오래 기다리셨던!  대왕생선입니다!!!!!! 코거슨 파러어 ?!?!?! '자연산 대광어' 입니다 ㅎㅎㅎㅎㅎㅎㅎㅎㅎㅎ 회로 많이 먹었어서 이번에 좀 실험적인 요리를 시도해 보았는데요 ! 아.. 혁시 광어는 횝니다 ㅎ 그리고! 수빙수 Q&A영상을 만들려고해요 ! 쌓이고 쌓였던 궁금증 그 모든 것 ! 풀어드리겠습니다 ㅎㅎ아래댓글에 질문 남겨주세여 ! 전부 다 답할 수 는 없지만 추려서 재밌게 만들어볼게요! 우리빙구님들을 이하여어어어어어어 (그나저나 요즘 유튜브 ㅁ+한자  요케해서 쓰는 모양 안쳐짐 -_-하트 쓰고싶은데 ...)뮤팟참조글 You’re free to use this song in any of your videos, but you must include the following in your video description (Copy & Paste):THE HAPPY SONG by Nicolai Heidlas Music https://soundcloud.com/nicolai-heidlasCreative Commons - Attribution 3.0 Unported- CC BY 3.0 http://creativecommons.org/licenses/b...THE HAPPY SONG by Nicolai Heidlas Music https://soundcloud.com/nicolai-heidlasCreative Commons - Attribution 3.0 Unported- CC BY 3.0 http://creativecommons.org/licenses/b...Music promoted by Audio Library https://youtu.be/cGuaRsXLScQThanks to, ZarabadeuFrom: http://soundbible.com/1673-Heart-Beat.htmlDistributor: 저작권 걱정없는 유튜브용 음원 & 무료 효과음 서비스 ‘뮤팟’https://www.mewpot.com"
"WgrSE9_JgCE","드론에 포착된 소름돋는 사진들","2019-12-07T03:30:35.000Z","UCXZaTqDKXHmNfKZ1ywhxe0w","진호","24","19.08.12","진호|드론|삐에로|삐에로 드론|진호 신기한 영상|신기한 영상|공포 삐에로|공포 드론","84679","1191","120","361","https://i.ytimg.com/vi/WgrSE9_JgCE/default.jpg","False","False","여러분들 드론 저도 삽니다.--------------------------------------------------------------------------📢 인스타그램 바로가기: https://www.instagram.com/jinho_jjang_/📌 채널 구독하기 : https://www.youtube.com/user/jangjh5409📌 네이버 TVcast : http://tvcast.naver.com/jangjh5409▶정규업로드 시간은 '오후6시' 에 업로드 됩니다!📩 각종 문의 : wooran74@naver.com 메일 보내주시면 답장 합니다! ▶구독하기 & 영상 좋아요 버튼을 부탁드립니다 :D크로마키 주소: https://www.youtube.com/c/GreenScreenEffects--------------------------------------------------------------------------출처: http://incompetech.com/music/royalty-free/index.html?isrc=USUAN1100812아티스트: http://incompetech.com/출처: http://incompetech.com/music/royalty-free/index.html?isrc=USUAN1100209아티스트: http://incompetech.com/출처: http://incompetech.com/music/royalty-free/index.html?isrc=USUAN1200061아티스트: http://incompetech.com/출처: http://incompetech.com/music/royalty-free/index.html?isrc=USUAN1100849아티스트: http://incompetech.com/출처: http://incompetech.com/music/royalty-free/index.html?isrc=USUAN1100804아티스트: http://incompetech.com/출처: http://incompetech.com/music/royalty-free/index.html?isrc=USUAN1300040아티스트: http://incompetech.com/라이선스(https://creativecommons.org/licenses/by/4.0/)아티스트: http://audionautix.com/라이선스(https://creativecommons.org/licenses/by/4.0/)아티스트: http://audionautix.com/Artist : ErikMMusicTitle : The Dusty AtticYouTube : https://www.youtube.com/watch?v=7iVud...Music provided & Video production by [June AB] Free BGMWatch : https://youtu.be/Ga-03rqlKjQArtist : Robert AustinTitle : Chloe's LullabyYouTube : https://youtu.be/WRSEpS2veCIMusic provided & Video production by [June AB] Free BGMWatch : https://youtu.be/GJyYr66RoGkArtist : Kevin MacleodTitle : Darkest ChildIncompetech : http://incompetech.com/music/royalty-...Music provided & Video production by [June AB] Free BGMWatch : https://youtu.be/OklMAnBfU_AArtist : ErikMMusicTitle : Moonlit ChambersYouTube : https://youtu.be/CHdceLk77VEMusic provided & Video production by [June AB] Free BGMWatch : https://youtu.be/qTqiw1ruutg♬Music by (HYP MUSIC)https://youtu.be/DiiS_Lwy2eAArtist : ErikMMusicTitle : Reborn (Main Menu)YouTube : https://youtu.be/WKgg0bHKyvQMusic provided & Video production by [June AB] Free BGMWatch : https://youtu.be/uX3Yyj5WDfg"
"dCdPU4_iVXU","조국보다 더··· [서정욱 변호사]","2019-12-07T06:00:07.000Z","UCxuf3GXK290vcpFW0lxm0Uw","이봉규TV","24","19.08.12","이봉규|이봉규TV|서정욱|서정욱 변호사","341795","26396","1276","854","https://i.ytimg.com/vi/dCdPU4_iVXU/default.jpg","False","False","조국보다 더··· [서정욱 변호사]출연 : 서정욱 변호사이봉규 TV 후원계좌신한은행 110-494-556972[페이스북]https://www.facebook.com/fridayhappy1[네이버 카페]http://cafe.naver.com/bongkyuleetv[네이버 블로그]https://blog.naver.com/2018bong'구독'과 '알림'을 통해 많은 관심 부탁드립니다.※ 본 영상의 모든 저작권은 ‘이봉규 TV’ 에 있습니다.　 무단으로 수정, 게시, 불펌을 금합니다."
"eYvZiatjjIM","※찐리액션 주의※ 바르셀로나 여행 성지 ‘보케리아 시장’ 맛은? 스페인 현지인이랑 케미 폭발한 솔직(?) 먹방 l 와썹맨 ep.88ㅣgod 박준형","2019-12-06T08:00:19.000Z","UCYgUhR7EGKauFXgJS0pckGg","와썹맨-Wassup Man","24","19.08.12","와썹맨|wassupman|박준형|스페인|보케리아시장|god|JoonPark|mukbang|와썹맨 먹방|이베리코 흑돼지|스페인 여행|바르셀로나|스페인 맛집|와썹맨 스페인|먹방|빠에야|빠에야 먹방|과일 먹방|spain|barcelona|la boqueria|가우디|투어|여행","559133","9223","172","940","https://i.ytimg.com/vi/eYvZiatjjIM/default.jpg","False","False","요오우~ 오느룬 스페인 발셀로나에서 쩰루 유명하다눈 보케리아 시장쓰~~! 이러케 큰 시장쓰는 첨인거잇쥐!! 쩰리랑 튀김쓰랑 올리브랑 돼지고기랑 욜라뤼쓰 이빨쓰빠지게마니 머거눈대 내입맛은 돼지고기가 젤맛이잇엇쥐 뒷다리 너무비싸개 파라가지구 앞다리 머것는데 똑가툰 맛이었쥐 차암나.. 스페인 사람들한테 Korean이라구하니까 BTS멋지구 한국 조아한다구해서 완죠니 자랑스러워지눈거 몬지알쥐~~?! 스페인은 날씨 쪽꿈따뜻햇눈대 지금 한국은 영하쓰로 떠러져서 추우니까 꼬맹쓰들 따뜻하개 입고다녀 기릿!~~~!! BAAAAAM!!!#와썹맨 #wassupman #박준형 #스페인 #보케리아시장 #먹방 #god #JoonPark # mukbang [와썹맨] 1화 보러가기 ▶ http://bit.ly/2LvyvyV[와썹맨] 2017년 ver. [사서고생_왓써맨] ▶  http://bit.ly/2AjbsSG[스튜디오룰루랄라] 유튜브▶ https://www.youtube.com/studiolululala"
"FEaW3GQl3fw","상상만 하던 꿈의학교! 급식에 몰티져스 종합세트가 나온다면?ㅋㅋㅋ(흔한남매)","2019-12-06T06:00:02.000Z","UCU8uafr_iROxRVI6c23Q_bA","흔한남매","24","19.08.12","웃찾사|웃찾사흔한남매|흔한남매|현실남매|공감|개그|개그맨|한으뜸|장다운|에이미|으뜸|시트콤|코미디|급식|꿈의급식|흔한남매 꿈의급식|흔한남매 먹방|흔한남매 오해요|흔한남매 방탈출|흔한남매 방꾸미기|흔한남매 슬라임|흔한남매 액괴|흔한남매 게임|흔한남매 브롤스타즈|흔한남매 로블록스|흔한남매 결혼|흔한남매 무서운이야기|흔한남매 귀신|꿀잼|샌드박스|흔한남매 웃음","711853","13257","680","5884","https://i.ytimg.com/vi/FEaW3GQl3fw/default.jpg","False","False","오랫만에 돌아온 꿈의급식입니다 기다려주시궁 보고싶다고 해주셔서 감사해요 ㅠㅜㅠㅜ다음은 어떤 꿈의 급식을 먹어볼까요 메뉴와고민들 많이 남겨주세요~~~오늘도 따룽해용~~냐핫!!!^^--------------------------------------------------------안녕하세요~ 코미디 크리에이터 웃찾사 '흔한남매' 팀에 개그맨 한으뜸, 장다운입니다.코미디를 좋아해서 만들게 된 채널이구요~ 흔한남매 뿐만 아니라 새로운 개그 코너도 이 채널에 선보이려고 합니다~!!개그 뿐만 아니라 시트콤, 먹방, 만들기, 실험, 일상, 커플(실제 커플입니다.ㅋㅋ)등 다양한 영상들도 기대해주세요~ 흔한남매 채널을 구독하시면~  재미+상큼+병맛+발랄한 영상으로 보답하겠습니다~ 구독~꾸우우우욱~~ 눌러쥬시고 예뿌게 봐쥬세효~~~냐핫!!비지니스문의: normalsibling@sandboxnetwork.net팬아트 보내는곳 : ddmchu@daum.net으뜸 인스타: https://www.instagram.com/ddmchu/다운 인스타: https://www.instagram.com/jangdawun/흔한남매 틱톡ID: nya_ha"
"2lAe1cqCOXo","YouTube Rewind 2019: For the Record | #YouTubeRewind","2019-12-05T18:00:14.000Z","UCBR8-60-B28hp2BmDPdntcQ","YouTube","24","19.08.12","Rewind|Rewind 2019|youtube rewind 2019|#YouTubeRewind|MrBeast|PewDiePie|James Charles|Shane Dawson|CaseyNeistat|RiceGum|Simone Giertz|JennaMarbles|Lilly Singh|emma chamberlain|The Try Guys|Fortnite|Minecraft|Roblox|Marshmello|Garena Free Fire|GTA V|Lachlan|Anaysa|jeffreestar|Noah Schnapp|Jennelle Eliana|T-Series|Azzyland|LazarBeam|Dude Perfect|David Dobrik|KSI|NikkieTutorials|Kurzgesagt|Jelly|Ariana Grande|Billie Eilish|BLACKPINK|Year in Review","47748603","2588551","6037830","846928","https://i.ytimg.com/vi/2lAe1cqCOXo/default.jpg","False","False","In 2018, we made something you didn’t like. For Rewind 2019, let’s see what you DID like.Celebrating the creators, music and moments that mattered most to you in 2019. To learn how the top lists in Rewind were generated: https://rewind.youtube/aboutTop lists featured the following channels:@1MILLION Dance Studio @A4 @Anaysa @Andymation @Ariana Grande @Awez Darbar @AzzyLand @Billie Eilish @Black Gryph0n @BLACKPINK @ChapkisDanceUSA @Daddy Yankee @David Dobrik @Dude Perfect @Felipe Neto @Fischer's-フィッシャーズ- @Galen Hooks @ibighit @James Charles @jeffreestar @Jelly @Kylie Jenner @LazarBeam @Lil Dicky @Lil Nas X @LOUD @LOUD Babi @LOUD Coringa @Magnet World @MrBeast @Nilson Izaias Papinho Oficial @Noah Schnapp@백종원의 요리비책 Paik's Cuisine @Pencilmation @PewDiePie @SethEverman @shane @Shawn Mendes @Team Naach @whinderssonnunes @워크맨-Workman @하루한끼 one meal a day To see the full list of featured channels in Rewind 2019, visit: https://rewind.youtube/about"
"oWjQhM8_V6c","[소름주의] 여군 출신 이효진의 '천년이 가도' 잊을 수 없는 가창력! [보이스퀸 3회]","2019-12-06T04:57:04.000Z","UCYyLIlOJyqkAFKlVjzX5img","MBN Entertainment","24","19.08.12","일반인라이브|일반인오디션|오디션|노래|음악|KPOP|MBN|보이스퀸|이효진|천년이 가도|가창력|여군출신|소름주의","264039","1384","111","121","https://i.ytimg.com/vi/oWjQhM8_V6c/default.jpg","False","False","[소름주의] 여군 출신 이효진의 '천년이 가도' 잊을 수 없는 가창력! [보이스퀸 3회]#MBN#보이스퀸#이효진☞ MBN Entertainment 구독하기 : https://www.youtube.com/channel/UCYyLIlOJyqkAFKlVjzX5img?sub_confirmation=1"
"6Ox2man0nRw","김건모, 결혼 못하는 충격적인 이유","2019-12-05T23:31:45.000Z","UC2vZ-y5LAIaqJt5aIp9o-Tg","김용호연예부장","25","19.08.12","[none]","530277","19763","4369","1984","https://i.ytimg.com/vi/6Ox2man0nRw/default.jpg","False","False",""
"XypUGPdymvQ","14차 [여의도대첩]-검찰개혁 국민총궐기 공수처설치 정치검찰 해체","2019-12-07T10:22:09.000Z","UCzQJmmpZjqzJe96CwlrwlHQ","시사타파TV","25","19.08.12","[none]","190109","21620","528","246","https://i.ytimg.com/vi/XypUGPdymvQ/default.jpg","False","False","시사타파tv 자발적 구독료: 251001-00-002087 국민은행 예금주 시사타파tv 해외:paypal:ljw777666@gmail.com 문의:010-2797-7660"
"xUy-egclQpo","아이콘 레전드 선수가 한국에 온다고?! (with_첼지현)","2019-12-07T08:00:23.000Z","UCIchCOLwLBMD87quHlNuXjQ","동네형 박성주","20","19.08.12","울산큰고래|울큰고|큰고래|고래|UBW|ULSANBIGWHALE|GTA5|실험|일상|브이로그|먹방|몰래카메라|몰카|피파온라인4|피온4|박성주 피파|박성주 피온4|피온4 아이콘|아이콘 피온4|아이콘 지단|아이콘 드록바|발데라마|아이콘 크레스포|크레스포","150927","2372","151","435","https://i.ytimg.com/vi/xUy-egclQpo/default.jpg","False","False","편집: 김주관항상 유쾌한 영상을 만들기 위해 노력하는 동네형 박성주 채널입니다!매일 영상 업로드 되니까 구독 꼭 부탁드립니다 (_ _)#SPONSORED_by_EA"
"RBPMQjGQRlo","손잡고 계란빵 만들기! 다정보스야 뭐야","2019-12-07T11:00:10.000Z","UC9kUsuu1Giqa9V855EWa7-A","핫도그 스튜디오 [ HOTDOG STUDIO ]","24","19.08.12","핫도그스튜디오|스튜디오|핫도그|권기동|정재열|박현서|강제희","242313","3222","67","541","https://i.ytimg.com/vi/RBPMQjGQRlo/default.jpg","False","False","손잡고 계란빵 만들기! 다정보스야 뭐야현서, 제희가 입은 옷이 궁금하다면?https://smartstore.naver.com/thehroom"
"gA2KdIdAUa0","[선택극장] 악마의 탄생｜빨간토마토","2019-12-07T00:58:26.000Z","UCqeOY0kedIjM9cfuBes4BSQ","Red Tomato","1","19.08.12","빨간토마토|애니메이션|만화|토마토|빨토|상상극장|선택극장","83435","1998","45","375","https://i.ytimg.com/vi/gA2KdIdAUa0/default.jpg","False","False","✅ 빨토강의▶ http://bit.ly/redtomato-class ✅   빨토책  ▶ http://bit.ly/2V31Lkt ✅ 빨토구독▶ https://bit.ly/2Mp1uE9 📌사연제보 ▶ briojae1@gmail.com 📌  인스타   ▶ https://bit.ly/2LzkADb 📌페이스북 ▶https://bit.ly/2lYVTJo[영상일정] 💎수 : 오후 4시💎금 : 오후 4시💎토 : 오전 10시 #빨간토마토 #상상극장 #선택극장"
"A97uudtNM0Y","집에 있는 휴대폰을 모두 팔았습니다 ♡ (마이린 집에 핸드폰이 너무 많아요) 중고폰 어떻게 할까? 보관? 판매? 기부? | 마이린 TV","2019-12-06T23:00:01.000Z","UCNzn4cWu4ygeWTxXfP4ufug","마이린 TV","24","19.08.12","마이린|마이린TV|민팃|중고폰|민팃 중고폰|중고폰 ATM|중고폰 매입|중고폰 판매|중고폰 추천|휴대폰|핸드폰|스마트폰|휴대폰 판매|핸드폰 판매|휴대폰 정리|핸드폰 정리","239682","3797","374","905","https://i.ytimg.com/vi/A97uudtNM0Y/default.jpg","False","False","새 휴대폰을 살 때마다 고민되는 거 있으시죠?  기존에 쓰던 휴대폰은 어떡하지? 휴대폰으로 유튜브 촬영까지 하는 마이린 집에는 안 쓰는 휴대폰도 아주 많아요. 여러분 가족도 그렇지 않은가요?오늘은 마이린 가족이 고민 고민하다가 최근 마트에서 발견한 중고폰 ATM 기기 민팃을 활용해서 휴대폰을 정리하기로 했어요. 애니콜에서 아이폰까지! 집에 있는 오래된 휴대폰 정리도 하고, 휴대폰 판매도 하고, 어려운 분들에게 기부도 할 수 있어서 일석이조!▶ 지금 이벤트도 하고 있네요 : 민팃 중고폰 ATM 기기로 매각이나 기부하면 갤럭시폴드, 에어팟프로, 치킨을 선물로 준데요 자세한 내용은 여기 참조 ( http://event.mintit.co.kr/ )"
"A8-6UNf2iE0","햇반의 쌀알 개수는 몇개일까? 8시간동안 직접 새봤습니다.","2019-12-07T05:53:11.000Z","UChE5nZAIhWS5vYTRjsUgRpQ","공대생 변승주 DS","23","19.08.12","공대생|공피디|보겸|양팡|핫도그|파뿌리|흔한남매|급식왕|보물섬|더블비|임다|총몇명","263566","7193","159","1830","https://i.ytimg.com/vi/A8-6UNf2iE0/default.jpg","False","False","#햇반 #쌀알 #갯수한쪽 카메라는 잃어버렸지만.. 살려오라 하시기에 살려왔습니다 ㅋㅋㅋㅋㅋㅋ문의는 mesol@videovillage.co.krhjsbjh2@gmail.com 으로 부탁드려요!"
"Gfeg9PaUHFQ","[썸MV] 분위기 甲 재엽-소리-정무가 만든 HIP한 춤ㅣ♬Bad Guyㅣ썸바디2  191206 EP.8","2019-12-06T16:13:15.000Z","UCepUWUpH45hRTi-QePdq1Bg","Mnet Official","24","19.08.12","Mnet|썸바디2|썸바디|한혜진|붐|김소리|이예나|최예림|윤혜수|박세영|장준혁|강정무|송재엽|이도윤|이우태","252330","4088","65","502","https://i.ytimg.com/vi/Gfeg9PaUHFQ/default.jpg","False","False","[썸MV] 분위기 甲 재엽-소리-정무가 만든 HIP한 춤ㅣ♬Bad Guy 춤 愛 빠진 댄서들의 짙은 사랑댄싱 로맨스 ＜#썸바디2＞매주(금) 저녁 8시 Mnet------------------------------------------------------------------ ▶[Mnet] 구독 http://www.youtube.com/channel/UCepUWUpH45hRTi-QePdq1Bg?sub_confirmation=1 ▶[썸바디2] 지금 뜨는 동영상 : http://www.tving.com/smr/vod/player/P/C01_B120193755?from=youtube ▶[Mnet] 라이브 : http://www.tving.com/live/player/C00579------------------------------------------------------------------ #Mnet#썸바디2#썸바디#한혜진#붐#김소리#이예나#최예림#윤혜수#박세영#장준혁#강정무#송재엽#이도윤#이우태"
"3CfEA2gGhio","[김광일의 입] 전 국민을 웃긴 청와대 해명","2019-12-06T08:53:32.000Z","UCdp4_yTBhQmB8E339Lafzow","조선일보","15","19.08.12","조선일보|조선|언론|이슈|신문|방송|뉴스|정치","255293","20759","2229","758","https://i.ytimg.com/vi/3CfEA2gGhio/default.jpg","False","False","오늘 아침 한겨레 신문 사설은 이런 제목으로 꾸짖었다. ‘청와대의 어설픈 해명, 하명수사 의혹 더 키웠다.’ 내용은 이렇다. “과연 청와대가 이 사안의 엄중함을 제대로 알고 조사를 한 것인지조차 의심스러울 정도다.” “청와대의 해명은 의혹을 씻기엔 한참이나 부족했다. 청와대가 지방선거에 개입하기 위해 경찰에 ‘하명수사’를 지시했다며 ‘선거공작’이란 주장까지 나오는 판에 이런 식의 청와대의 안이한 대응은 이해하기 힘들다.” 조선일보는 팔면봉에서 한마디로 본질을 꼬집었다. “하루도 못 가서 뒤집히는 청와대의 ‘선거 개입 의혹 해명’…당사자들이 제 살길 찾는 걸 어떻게 막겠나.”🔸 조선닷컴 공식 홈페이지 http://www.chosun.com🔸 조선일보 무료구독체험 : http://bit.ly/2WnNAF7🔸 조선비즈 공식 홈페이지 http://biz.chosun.com🔸 공식 페이스북 : https://www.facebook.com/chosun🔸 공식 트위터 : https://twitter.com/chosun◈ 사실에 대한 믿음, 할 말을 하는 용기. 조선일보◈#조선일보 #뉴스 #속보 #제보"
"RdVmCjEEwes","[엠돌핀] 준면에 모든 것을 건다,,, All in 😏 GANZI왈의 흑역사를 수호해~ '^' l 라디오스타ㅣ엠돌핀","2019-12-06T08:30:04.000Z","UCiBr0bK06imaMbLc8sAEz0A","MBCentertainment","24","19.08.12","MBC|예능|entertainment|comedy|TV|gag|수요일|라스|라디오스타|엑소|exo|수호|김준면|백현|찬열|첸|세훈|카이|sm","157737","3907","28","274","https://i.ytimg.com/vi/RdVmCjEEwes/default.jpg","False","False","라디오스타 수요일 밤 11시 5분 방송!-#라디오스타#엠돌핀#EXO"
"9mv64Huj2ps","[Reaction Cam] TXT(투모로우바이투게더) & ATEEZ(에이티즈) & UNINE(유나인) Reaction to BTS(방탄소년단) l 2019MAMA x M2","2019-12-06T09:30:17.000Z","UCTQVIXvcHrR9jYoJ6qaBAow","M2","24","19.08.12","엠넷|Mnet|엠투|M2|MPD|엠피디|Kpop|K-Pop|K팝|아이돌|한국|라이브|Live|Dance|댄스|안무|방탄소년단|뷔|방탄|빅히트|BIGHIT|MAMA|2019MAMA|MAMA M2|2019MAMA M2|MAMA Reaction|BTS Reaction|ATEEZ Reaction|TXT Reaction|ATEEZ|TXT|TOMORROW X TOGETHER|투모로우바이투게더|BTS|BANGTAN|BTS MAMA|TXT MAMA|ATEEZ MAMA","1254754","91969","358","5029","https://i.ytimg.com/vi/9mv64Huj2ps/default.jpg","False","False","[Reaction Cam] TXT & ATEEZ & UNINE Reaction to BTS's performance l 2019MAMA x M2[리액션 캠] 투모로우바이투게더 & 에이티즈 & 유나인 리액션 to 방탄소년단 무대 l 2019MAMA x M22019 MAMA 초밀착 현장 스토리는 오직 M2에서!Behind the Scenes from 2019 MAMA, Only at M2!More from #M2? :DFacebook:  https://www.facebook.com/MnetM2/Twitter:       https://twitter.com/M2MPD/Instagram: https://www.instagram.com/M2MPD/"
"hbNKol0tn6k","유튜버 3인의 집요한 거짓음해에 반박합니다. [녹취록 공개]","2019-12-04T11:15:19.000Z","UCZ0bi2aVJngKLwFTU5g_fLQ","김성회의 G식백과","20","19.08.12","모냥채널|리니지2m|엔씨소프트|G식백과|김성회","1691360","73017","1037","20430","https://i.ytimg.com/vi/hbNKol0tn6k/default.jpg","False","False","게임유튜버 3인의 수개월에 걸친 집요한 저격과 거짓음해. 그 어처구니 없는 이유. 녹취록. 서울중앙지검."
"_B-N5Yb3Gps","🚪뚝뚝뚝! 같이 개구리 먹을래~?🐸 생으로 뜯어도 좋아~♪⛄ 베어그릴스의 개구리 먹방 [Man vs Wild]","2019-12-06T08:00:06.000Z","UCI6bxkc4WHwIHLis1Hg2jTw","디스커버리 채널 코리아 - Discovery Korea","24","19.08.12","Discovery Channel Korea|discovery|디스커버리|다큐멘터리|다큐|베어그릴스|Bear Grylls|디스커버리 채널|베어 그릴스|베어|그릴스|man vs wild|인간대자연|인간과 자연의 대결|인간대 자연|Man vs Wild|개구리|개구리 먹방|개구리 고기|개구리 사냥|개구리 구이|전갈|전갈 먹방|전갈 구이|전갈 사냥|박쥐|박쥐 사냥|포식자|맹수|호랑이|사자|늑대|상어|뱀|곰|악어|맹수 사냥|생존|생존 먹방|먹방|먹방 모음|베어그릴스 먹방|야생|야생 먹방|정글의 법칙|자연인|나는 자연인이다|윽박|최고다 윽박|동물|동물농장|애니멀봐|우마|uma|준아|사냥","841122","12080","260","2019","https://i.ytimg.com/vi/_B-N5Yb3Gps/default.jpg","False","False","즐거운 발견, Joy of Discovery!세상의 모든 즐거움을 ‘구독’ 클릭 한번으로 발견해 보세요! 구독하기: https://bit.ly/2VCbpqE베트남 정글에서 생존중인 베어그릴스!박쥐, 전갈, 개구리를 만나 생존 기술들을 선보입니다!----------------------------------------------------------------------------------------------디스커버리 채널은 KT올레TV 177, SK BTV 261, LGU+TV 194, 스카이 라이프 130, CJ헬로 210, 딜라이브 171, 티브로드 239번(케이블은 각 지역케이블 문의)에서 시청 가능합니다."
"_LDXWhOOZaM","니캐쩔","2019-12-06T03:00:08.000Z","UCFqvKeEMGrJfJPEOafy1v4Q","레바스튜디오","24","19.08.12","레바|레자바지|스트리머|트위치|레바툰|이승권|레바하이라이트|던전속사정|꽃게소녀","661764","13340","134","1588","https://i.ytimg.com/vi/_LDXWhOOZaM/default.jpg","False","False","타스트리머 방송에서는 예의를 지켜주시기 바랍니다!--------레바의 트위치채널 : https://www.twitch.tv/mister903레바툰 보러가기 : https://www.lezhin.com/ko/comic/revatoon레바의 팬카페 : https://cafe.naver.com/19920709reva--------Track: Axollo - Burn It [NCS Release]Music provided by NoCopyrightSounds.Watch: https://youtu.be/0ApCDO_WquIFree Download / Stream: http://ncs.io/BurnItYO"
"vuMNsD_M6gM","“윤석열 버텨주니 믿고 수사”","2019-12-06T10:48:53.000Z","UCIIpmDPVk7nzNHEUSHmvkUg","채널A 뉴스TOP10","25","19.08.12","검찰|윤석열","233331","7741","1429","1235","https://i.ytimg.com/vi/vuMNsD_M6gM/default.jpg","False","False","충심은 변함이 없다… 청와대 향한 칼, 윤석열의 '속내'?전 검사 윤석열, 편 가르지 않고 평소대로 수사하는 것 흔들리지 마라… 검찰 수사팀 '바람막이' 윤석열의 격려 ※자세한 내용은 뉴스TOP10에서 확인하실 수 있습니다  ▷ 공식 홈페이지 http://www.ichannela.com▷ 공식 페이스북 https://www.facebook.com/channelanews▷ 공식 유튜브 https://www.youtube.com/tvchanews"
"Hyx9EaV4d8k","옥주부GG 종일 먹는 돼단한녀석들 [맛있는 녀석들 Tasty Guys] 250회","2019-12-06T12:45:00.000Z","UCsOW9TPy2TKkqCchUHL04Fg","맛있는 녀석들 (Tasty Guys)","24","19.08.12","맛있는 녀석들|Tasty Guys|김준현|김민경|문세윤|유민상|코미디TV","170520","822","37","77","https://i.ytimg.com/vi/Hyx9EaV4d8k/default.jpg","False","False","옥주부 분리불안증에 걸린 뚱4ㅋㅋㅋㅋㅋ#맛있는녀석들 매주 금요일 오후 8시 #ComedyTV 에서 만나요!  ※맛녀석들의 맛있는TIP & 가게 정보는 맛있는 녀석들 홈페이지에서도 확인 하실 수 있습니다!! ☞ http://comedytv.ihq.co.kr/deliciousguys/▣ 맛있는 녀석들 채널을 구독해주세요! ◆ 유튜브 채널  : youtube.com/c/맛있는녀석들TastyGuys◆ 인스타그램 : https://www.instagram.com/tastyguys_official/◆  트위터 : https://twitter.com/Tasty_Guys"
"rMo-puzeE2A","【 탬탬버린 】 - 김점례의 까마득히 먼 학창시절 썰...","2019-12-06T05:57:42.000Z","UCCA8UWUW80iHqK9ymdjRwPg","탬탬버린","20","19.08.12","탬탬버린|게임|트위치|스트리머|스팀게임|탬탬|김점례","155663","2989","37","509","https://i.ytimg.com/vi/rMo-puzeE2A/default.jpg","False","False","▶ 유튜브 구독하기【 https://goo.gl/q6njeN 】▶ 썸네일 - 망고쥬스 (https://www.twitch.tv/suhyun0626)▶ 영상편집 - 꼬꼬치 ▶ 탬탬의 생방송 (Live Broadcasting!)트위치TV - https://www.twitch.tv/2chamcham2▶ 인스타그램과 트위터를 통하여 생방송 일정을 받아보세요!인스타그램 - https://www.instagram.com/2chamcham2/트위터 - https://twitter.com/chamcham2323"
"s6uTg1G9VU4","팔뚝만한 김밥을 한입에?! 김밥 야무지게 말아 먹방 rice roll Korean mukbang eating show","2019-12-06T10:02:01.000Z","UCfpaSruWW3S4dibonKXENjA","tzuyang쯔양","22","19.08.12","大食い|real sound|리얼사운드|social eating|吃播|big eater|challenge|ふとまき|おにぎり|mukbang|대왕|김밥만들기|한입만|준하김밥","476044","8616","367","912","https://i.ytimg.com/vi/s6uTg1G9VU4/default.jpg","False","False","안녕하세요 쯔양 유튜브 채널입니다!아프리카 방송국 주소 → http://afreecatv.com/ss7169오시면 생방송과 무편집본 동영상을 보실수 있습니다^^구독과 좋아요 눌러주시는 모든분들 정말 감사드립니다!!!광고 및 협찬관련 문의처 입니다. *뷰티관련(화장품, 성형외과, 피부과 등) 및 다이어트 제품군(약,보조제,관련식품)은 일절 진행하지 않고 있습니다. 이 부분 양해 부탁드립니다업무용 (협찬,광고)메일: kilian_@naver.com인스타:https://www.instagram.com/tzuyang70/"
"faegqRcsPVU","베트남 VS 태국 H/L [2019 동남아시안게임 축구 / 박항서]","2019-12-05T10:14:03.000Z","UCqsKWTIu7IhBjLFZS2s1ULQ","SBS Sports","17","19.08.12","[none]","1325927","6248","577","1071","https://i.ytimg.com/vi/faegqRcsPVU/default.jpg","False","False","베트남 축구 60년만에 우승 도전!2019 SEA게임 박항서 매직은 계속! SBS스포츠 생중계 ▶https://programs.sbs.co.kr/sports/seagamesfootball"
"r3wofboCmTY","심려 끼쳐 죄송 귀금속 대금 논란 '래퍼 도끼' 심경 밝혔다..파산설 진실은?","2019-12-06T11:05:35.000Z","UCYRrUD5v5j_Ei8sKOo7mhoQ","엠빅뉴스","25","19.08.12","dok2|illionaire|주얼리|보석|보배드림|더콰이엇|빈지노|킬빌|나혼자산다|무한도전|도끼","1248924","4117","449","2016","https://i.ytimg.com/vi/r3wofboCmTY/default.jpg","False","False","도끼가 즐겨 타던 롤스로이스가 중고차 시장에 매물로 나와 화제이다. 도끼는 귀금속 대금 미납 논란 속에 각종 소송에 휘말린 상태인데.. 파산설까지 돌고 있는 도끼, 인터뷰를 통해 자신의 심경을 고백했습니다.#래퍼도끼 #롤스로이스 #귀금속대금미납 #파산 #일리네어 #물품대금청구소송 #명예훼손소송"
"QhHAYdlcb7o","[EP.66] 비밀연애만 고집하는 존예 여친, 여신님..제가 쪽팔리신가요?😰 [연애의 참견2]","2019-12-06T07:00:03.000Z","UCr0adenI5KeQFJkMIGjq5qw","KBS N","24","19.08.12","KBSN|연애의참견2|연참드라마|연애고민|서장훈|한혜진|김숙|주우재|곽정은","353626","2451","108","786","https://i.ytimg.com/vi/QhHAYdlcb7o/default.jpg","False","False","#연참드라마 EP.66 - 퀸카와 사랑하는 법▶ 배우 : 승하, 박보인캠퍼스 여신과 비밀연애를 하게 된 흔남 중의 흔남인 고민남! 저렇게 예쁜 그녀가 내 여친인데, 왜 행복하지가 않은걸까?로맨스 파괴 토크쇼 #연애의참견2매주 화요일 밤 10시 50분 KBS Joy 방송출연 : 서장훈, 김숙, 한혜진, 곽정은, 주우재[KBS N]▶ 홈페이지 : http://www.kbsn.co.kr▶ 페이스북 : http://www.facebook.com/happykbsn▶ 인스타그램 : https://www.instagram.com/kbsn_official"
"Qrcr4gJWehU","BTS(방탄소년단) at 2019 MAMA All Moments","2019-12-04T21:36:24.000Z","UCbD8EppRX3ZwJSou-TVo90A","Mnet K-POP","24","19.08.12","엠넷|mnet|kpop|k-pop|star|program|2019 MAMA|2019마마|마마|MAMA|Mnet Asian Music Awards|방탄소년단|BTS|2019 MAMA BTS|2019 마마 방탄소년단|2019 MAMA 방탄소년단|방탄소년단 컷모음|MAMA BTS CUT|MAMA All Moments|BTS All Moments","3096085","254890","1947","7766","https://i.ytimg.com/vi/Qrcr4gJWehU/default.jpg","False","False","[subscribe to Mnet K-POP ▶ http://bit.ly/MnetKPOP]191204 BTS at 2019 MAMA All Moments2019 마마 ‘방탄소년단’ 컷 모음This is a compilation of BTS at this year's Mnet Asian Music Awards (MAMA).-▶ Mnet 유튜브 구독하기: http://www.youtube.com/subscription_center?add_user=MnetLike Facebook and Twitter for more k-pop newshttps://facebook.com/MnetOfficialhttps://facebook.com/MCOUNTDOWNhttps://twitter.com/MnetKR"
"JDUKN_Bih64","화사X박진영, '2019 MAMA' JYP가 씹어 먹다! '잭슨, 사장님 오마이갓' 191205","2019-12-05T02:57:49.000Z","UCtkQiKg8NJXiziQN6bJcNbA","eNEWS24","24","19.08.12","2019mama|jyp|화사|비닐패션|쌍비닐|마마화사박진영|마마박진영|날떠나지마|멍청이","707240","6786","286","681","https://i.ytimg.com/vi/JDUKN_Bih64/default.jpg","False","False","#2019MAMA #JYP #화사JYP엔터테인먼트 수장이자 대표 아티스트인 그는 지난 4일 '2019 MAMA' 2부에 출연해 화끈한 무대를 선보였다.일찌감치 후배 가수 마마무와의 합동 공연 소식이 전해져 높은 관심을 모은 가운데, 화사와 함께한 '날 떠나지마' 무대로 화려한 쇼의 시작을 알렸다. 박진영은 파격적인 비닐바지를 입고 등장해 시청자들의 시선을 단숨에 붙잡았다.- 영상연출: 정우석 PD------------------------------------------------------------------ ▶[E&M Plus] 구독 http://www.youtube.com/channel/UCtkQiKg8NJXiziQN6bJcNbA?sub_confirmation=1 ▶[eNEWS24] 지금 뜨는 동영상 : http://www.tving.com/smr/vod/player/P/C01_B120158470?from=youtube ▶[E&M Plus] 라이브 : http://www.tving.com/live/player/C08281------------------------------------------------------------------ #2019mama#jyp#화사#비닐패션#쌍비닐#마마화사박진영#마마박진영#날떠나지마#멍청이"
"9lrk_DR2alI","[Full] PD수첩 '검찰 기자단' (12월3일 화 방송)","2019-12-05T01:12:15.000Z","UCawCv9kO2UXbTtsK4EammRQ","MBC PD수첩","25","19.08.12","PD수첩|시사교양|시교|시사|고발|MBC|뉴스|뉴스룸|백분토론|이슈|사회문제|검찰|기자|출입처|검찰기자단|받아쓰기|법조기자|피의사실공표|차장검사|출입기자단","373040","32320","485","3330","https://i.ytimg.com/vi/9lrk_DR2alI/default.jpg","False","False","✔시대의 정직한 목격자, MBC PD수첩 (화 밤11시10분)✔PD수첩 본방을 놓쳤다면? 클립 영상으로 핵심을!PD수첩 유튜브 공식계정 https://goo.gl/9tgdwM✔PD수첩 본방을 다시보고 싶다면?- iMBC ☞☞☞ http://www.imbc.com/broad/tv/culture/pd/vod/- WAVVE ☞☞☞ https://www.wavve.com/player/vod?page=1&programid=M_1000836100000100000#PD수첩 #검찰 #기자 #출입처 #검찰기자단 #받아쓰기 #법조기자 #피의사실공표 #차장검사 #출입기자단"
"Q5quSXvQtKI","Halsey - SUGA's Interlude (Official Audio)","2019-12-06T05:00:03.000Z","UCm3FgJ2Hqm7tb70T-GfwXVA","HalseyVEVO","10","19.08.12","Halsey|SUGA|SUGA's|Interlude|(Audio)|Capitol|Records|Alternative|halsey|halsey manic|manic halsey|halsey suga|halsey bts|halsey suga interlude|halsey sugas interlude|halsey bts collab|bts halsey|ashley|manic|halsey graveyard|halsey boy with luv|halsey and bts|halsey new song|halsey 2019|halsey new album|halsey lyrics|halsy","4796380","948584","5270","53714","https://i.ytimg.com/vi/Q5quSXvQtKI/default.jpg","False","False","SUGA’s Interlude out now. Pre-order Halsey's album 'Manic' (out 1/17) now to get this song, Graveyard, clementine & Without Me instantly. https://halsey.lnk.to/manicthealbumYDSUGA’s Interlude on Spotify: http://halsey.lnk.to/SUGAsInterludeYD/spotifyOn Apple Music: http://halsey.lnk.to/SUGAsInterludeYD/applemusicOn Google Play: http://halsey.lnk.to/SUGAsInterludeYD/google-playFollow Halseyhttp://iamhalsey.comhttp://twitter.com/halseyhttps://www.facebook.com/HalseyMusichttp://instagram.com/iamhalseyMusic video by Halsey, SUGA performing SUGA's Interlude (Audio). © 2019 Capitol Records, LLChttp://vevo.ly/IfGhpQ"
"5yupf2G1xUE","홀로 풀무장하고 돌아다니며 좀비들을 쓸어버리는 최강 피지컬 사나이","2019-12-04T11:59:06.000Z","UCtwxuughKbSAV0e4bnz4ORg","홍시네마","1","19.08.12","영화|공포영화|영화리뷰|예고편|영화소개|스포일러|결말|홍시네마|고어영화|스릴러영화|b급영화|무비|재미|재밌는|무서운|놀라운|신기한|기괴한|기괴|공포|top10|미스테리|마블|좀비|괴물|귀신|좀비영화|스포포함|결말포함","1575103","9285","456","548","https://i.ytimg.com/vi/5yupf2G1xUE/default.jpg","False","False","#홍시네마  #액션좀비물 #소음기귀르가즘파쿠르하는 개빠른좀비 vs 피지컬 오지는 상남자형[영화 구매 , 대여 링크] ↓https://www.youtube.com/watch?v=lD07FTyFEu4[홍시네마 구독]↓https://www.youtube.com/channel/UCtwxuughKbSAV0e4bnz4ORg?sub_confirmation=1[홍스타그램]     ↓https://www.instagram.com/hong_cinema/[홍게임방 구독]  ↓https://www.youtube.com/channel/UCK2HwqFjgOhFqleFtqXGt0A?sub_confirmation=1"
"mOBTeoYnJFU","[골라봐야지][HD/ENG] 아↘목.아.파 트와이스 다현♨분노폭발♨ 게임하다가 사장님 박진영에게 진짜로 화난 다현이ㅋㅋㅋㅋㅋㅋㅋ #아는형님 #JTBC봐야지","2019-12-04T10:59:59.000Z","UCF3UEVPt5zZTlBVJwDG317g","JTBC Voyage","24","19.08.12","JTBC|VOYAGE|봐야지|JTBC봐야지|아는형님|아는 형님|아는형님 레전드|아는형님 트와이스|트와이스 아는형님|트와이스|박진영|JYP|트와이스 박진영 박진영 아는형님|아는형님 박진영 다현|아는형님 박진영|아는형님 박진영 나연 다현|아는형님 다현 분노|다현 분노|다현 화|다현|PARK JIN YOUNG|TWICE|NAYEON|DAHYUN|KNOWING BROS|FEVER|박진영 FEVER|아는형님 꿀잼|아는형님 무대|박진영 무대|박진영 마마|박진영 MAMA|트와이스 마마|트와이스 MAMA|2019MAMA|2019 MAMA|2019 MAMA 무대|FEEL SPECIAL|CHEER UP|트와이스 텔미|다현 나연 텔미|나연 다현 텔미|TELL ME|TELL ME 춤|아이돌|KPOP|K-POP|트와이스 2019 MAMA 무대|on trending|인기 급상승 동영상","2675367","33584","809","2874","https://i.ytimg.com/vi/mOBTeoYnJFU/default.jpg","False","False","[ 신곡 FEVER로 돌아온 JYP 그리고 트와이스 다현&나연 ]진영아↗진.영.아!!♨다현의 5단 분노♨사장님에게 반말은 좀 어려운 다현&나연게임 시작하자마자 급 돌변ㅋㅋㅋㅋㅋㅋㅋ이성 상실 본능 충실 〈아는 형님〉매주 토요일 밤 9시 JTBC[JTBC봐야지] 구독하기☞ http://bitly.kr/VgFZ3------------------------------------------------------📌 영상 속 프로그램은?【아는 형님｜Knowing Brothers】 http://bit.ly/2VuTtho------------------------------------------------------"
"3tNX5vtgo6E","윤석열, 문재인 비밀 채팅방도 털었다!!! (전영기 중앙일보 칼럼니스트) / 신의한수","2019-12-06T13:00:11.000Z","UCgOLQwRv1r2m9mhE1tfsn3Q","신의한수","25","19.08.12","[none]","604617","57603","1100","1630","https://i.ytimg.com/vi/3tNX5vtgo6E/default.jpg","False","False",""
"EMNYKwFCw_s","나이 60, 졸혼 했습니다","2019-12-05T20:00:03.000Z","UCLjGAm9RZZF1UDXl-ZIf9ww","법륜스님의 희망세상만들기","29","19.08.12","법륜스님|즉문즉설|희망세상만들기|부부|노인|노부부|이혼|졸혼|별거|지인|깨달음의장|일","159770","2393","126","137","https://i.ytimg.com/vi/EMNYKwFCw_s/default.jpg","False","False","저는 60 평생을 살아도 줏대도 없고 저 자신을 잘 모릅니다집에서 나온 지 4년이 됐습니다왜냐하면 집에 들어가도 제 존재감이 없었습니다며칠씩 혼자 찬밥 먹고 집에 들어가면 캄캄했습니다"
"RvvQSSYh7_s","와플기계로 감자전 만들기 [박막례 할머니]","2019-12-05T10:37:16.000Z","UCN8CPzwkYiDVLZlgD4JQgJQ","박막례 할머니 Korea Grandma","23","19.08.12","#너무웃김 #충격적인감자전","598795","18672","169","810","https://i.ytimg.com/vi/RvvQSSYh7_s/default.jpg","False","False","ㅋㅋㅋㅋㅋㅋ왜 맨날 기계랑 싸우시냐구요~~!!!!정말 미스테리한건 기계를 혼내면 잘되는 것 같은 마법와플기계로 감자전 만들기 도전#너무웃김 #충격적인감자전___♥막례 할머니의 유쾌한 일상이 보고싶다면 구독하기!♥할머니를 보고 즐거웠다면 좋아요!♥할머니를 친구에게 소개하고 싶다면 공유하기!인스타 ▶ https://instagram.com/Korea_Grandma페이스북 ▶ https://www.facebook.com/newra9462메일주소  ▶ newrarara@naver.com"
"YRHGhnVCNDc","박지원 추미애, 조국보다 센 분..檢 충돌 가능성 매우 높아","2019-12-06T00:39:51.000Z","UC4Aa3OPkMenwTANpf0oWVRQ","CBS 김현정의 뉴스쇼","25","19.08.12","박지원|추미애|조국|충돌|가능성|대안신당|의원|법무장관|내정|청와대|압수수색|김현정의 뉴스쇼|김현정|뉴스쇼|981|98.1|CBS|라디오|뉴스|표준FM|레인보우","200453","4042","294","586","https://i.ytimg.com/vi/YRHGhnVCNDc/default.jpg","False","False","*박지원 추미애, 조국보다 센 분..檢 충돌 가능성 매우 높아*대안신당 박지원 의원*[김현정의 뉴스쇼] 추미애 법무장관 내정, 청와대 압수수색 등#박지원 #추미애 #조국▣ 라이브 방송 안내뉴스쇼 라이브 방송 | 매주 월~금 오전 7:30~9:00댓꿀쇼 라이브 방송 | 뉴스쇼 본방송 끝나자마자 이어서 오전 9:00▣ 김현정의 뉴스쇼 유튜브 구독하기https://goo.gl/ApKab6▣ 제보 및 의견◇ 문자: #1212◇ 카카오톡 플러스친구: https://goo.gl/T9fF58◇ 모바일 레인보우 설치하기- 안드로이드 구글플레이: http://goo.gl/0fboZU- 애플 앱스토어: https://apple.co/2ytJKPW◇ 뉴스쇼 홈페이지: http://www.cbs.co.kr/radio/pgm/info.asp?pgm=1378&mcd=_INTRO_◇ 트위터: https://twitter.com/cbsnewsshow◇ 인스타그램: @khj_newsshow.cbs"
"jAqHO5K84l8","생 각 [따따부따 2019/12/06]","2019-12-06T04:39:51.000Z","UC8SZ88GQa9XWwZxLNibO3ug","배승희 변호사","24","19.08.12","bae seung hee lawyer","312254","29160","1854","393","https://i.ytimg.com/vi/jAqHO5K84l8/default.jpg","False","False","2019/12/06제보 메일 : moissue24@gmail.com"
"ThYOoJ_a87g","【브롤스타즈】 스토리리뷰 125화 두근두근 첫데이트! 레온 제시 【시엘 브롤】","2019-12-06T07:45:00.000Z","UCefUNEmG0FTsvM1qjasy5Hw","시엘","20","19.08.12","브롤|브롤스타즈|브롤 스타즈|브롤스타즈 시엘|시엘 브롤스타즈|브롤스타즈 스토리|브롤스타즈 캐릭터 스토리|브롤스타즈 브롤러 스토리|브롤스타즈 스토리 리뷰|브롤스타즈 리뷰|브롤스타즈 애니메이션|브롤스타즈 커플|레온 제시|브롤 레온|브롤 제시","104775","1449","66","722","https://i.ytimg.com/vi/ThYOoJ_a87g/default.jpg","False","False","구독하기: https://www.youtube.com/channel/UCefUNEmG0FTsvM1qjasy5Hw?sub_confirmation=1게임제목 : 브롤스타즈 【Brawl stars】다운로드링크 : https://play.google.com/store/apps/details?id=com.supercell.brawlstars&hl=ko#브롤스타즈 #스토리 #리뷰"
"nePT7wLd4HE","[백종원의 골목식당] 감동영상 '제작진도 울고 나도 울린, 평택역 떡볶이집 사장님' / 'Backstreet' Special | SBS NOW","2019-12-05T07:26:12.000Z","UCcOYEm78CpaZQvPE6LtoSeA","SBS NOW","24","19.08.12","SBS|Entertainment|예고|백종원|김성주|골목식당|요리전문가|골목|골식|음식|맛집|식당|백선생|Baek Jong won|Kim sung joo|Food|Recipe|Korean Food|Preview|Jung In sun|정인선|칼국수|떡볶이|골목식당떡볶이|골목식당칼국수|이대백반집|골목식당감동|감동적인영상|슬픈이야기|감동적인이야기","1002779","8806","323","1807","https://i.ytimg.com/vi/nePT7wLd4HE/default.jpg","False","False","손님들에게 정성으로 다가가기 위해 내가 만든 양념장으로 만들어 온 떡볶이...인정도 빠르고 웃음도 많으신 우리 사장님 완판길만 걸으쎄오~~ɷ◡ɷ ☞매주 수요일 밤 11시 10분 본방송#백종원의골목식당 #백종원 #떡볶이집▶ Subscribe NOW! SBS NOW!  https://bit.ly/2YRf9Kn▶ Homepage :  http://programs.sbs.co.kr/enter/street▶ Facebook :  https://www.facebook.com/sbsnow/▶ Instagram : https://www.instagram.com/sbsnow_insta/"
"7VUWH89l58U","[12/6]김영우,정세현,이석현,양기환,고래야│김어준의 뉴스공장","2019-12-06T00:12:35.000Z","UC5HSw5OY2vfVFSihpiB-AVQ","tbs 시민의방송","25","19.08.12","tbs|김어준|뉴스공장|겨울왕국|트럼프|나경원|황교안|패스트트랙|국회|필리버스터|고래야|종북좌파|자유한국당|친황체제","431849","30757","480","634","https://i.ytimg.com/vi/7VUWH89l58U/default.jpg","False","False","12월6일(금) 김어준의 뉴스공장 LIVE / tbsTV & FM◎ 1부[ 이 정도는 알아야 할 아침 뉴스 ]- 류밀희 기자 (tbs)[ 잠깐만 인터뷰 ]‘겨울왕국2’가 쏘아올린 스크린 독과점 논란!- 양기환 이사장 (스크린쿼터 문화연대, 반독과점 영화인대책위)◎ 2부[ 인터뷰 제1공장 ] - 전화연결美대사 이어, 日외교관도 ‘종북좌파’ 발언 파문, 자유한국당과 무관하지 않을 것!- 이석현 의원 (더불어민주당)[ 인터뷰 제2공장 ]“다시 등장한 트럼프의 로켓맨…북미 말폭탄 재개 의미 & 실무회담 가능성 집중분석”-정세현 수석부의장 (민주평화통일자문회의)◎ 3부[ 인터뷰 제3공장 ]“김세연 이어 나경원까지 교체하는 황교안, 친황 체제 구축 순항할까”- 김영우 의원 (자유한국당)◎ 4부[ 인터뷰 제 4공장 ]금요음악회 [고래야] “내일 아침에 & 날이 새도록”- 경이 (퍼커션)- 김동근 (대금, 퉁소)- 김초롱 (장구)- 함보영 (보컬)- 나선진 (거문고)- 고재현 (기타)[ 까칠한 미식가 ]“고래잡이의 역사”- 황교익 맛칼럼니스트----------------------------------------------▶tbs 페이스북 https://www.facebook.com/mylovetbs/▶tbs 홈페이지 https://www.tbs.seoul.kr/▶네이버TV (김어준의 뉴스공장) http://tv.naver.com/newsfactory ▶tbs 커뮤니티 http://bit.ly/2EaWnQp"
"38DRDw9k6cI","왁굳이 찍은 사진을 맞춰보세요 - 왁파라치 1화","2019-12-05T16:45:33.000Z","UCBkyj16n2snkRg1BAzpovXQ","우왁굳의 게임방송","20","19.08.12","우왁굳|우왕굳|우왁굳의게임방송|왁두|종합게임|리그오브레전드|롤|스팀게임|쿠소게임|인디게임|비디오게임|레이싱게임|레이스게임|오버워치|배틀그라운드|배그|vr|마인크래프트|마크|vrchat|vr챗|노가리|썰","228933","4193","80","619","https://i.ytimg.com/vi/38DRDw9k6cI/default.jpg","False","False","왁굳이 찍은 사진을 맞춰보세요 - 왁파라치 1화● 유튜브로는 못보는 생방송  : http://bit.ly/2byvfQH● 우왁굳 네이버 팬카페          : http://bit.ly/1Q4619k● 우왁굳 인스타그램               :  https://bit.ly/2Jxyh6u● 우왁굳 카카오톡 아이디      : @우왁굳● 영상 업로드 시간                  :  매일 오전 중-------------------------------------------------------------------------- 트위치 게임 스트리머 우왁굳의 유튜브입니다 :)생방송에서 공략한 게임 혹은 유튜브만의 편집영상이 올라옵니다.많은 사랑 부탁드립니다.------------------------------------------------------------------------문의, 편집영상등은 이곳으로 :) ※ E-Mail : ecvhao@naver.com"
"ApEXvXOKZcE","군부대 맞후임 미스테리 & 만원 등교 버스 [총몇명의 사연낭독]","2019-12-04T09:00:04.000Z","UCRuSxVu4iqTK5kCh90ntAgA","총몇명","1","19.08.12","총몇명|무서운 사연|재밌는 사연|ㅋㅋㅋ","1959487","49092","880","6877","https://i.ytimg.com/vi/ApEXvXOKZcE/default.jpg","False","False","총몇명 스튜디오 - 총몇명, 십제곱, 5G민, Jin, 정영준오늘도 시청해주셔서 정말 감사드립니다!사연은 아래 페이지로 부탁드릴게요♥https://forms.gle/VyrGC9WiAAr8JKy27♬ BGM cookies---playful-pizzicato-strings-by-rafael-kruxghost-town---playful-spooky-comedy-by-rafael-kruxwealthy-life---kitschy-light-comedy-by-rafael-kruxby Rafael Krux (https://www.orchestralis.net/)Licence: CC BY (https://creativecommons.org/licenses/by/4.0/deed.ko)"
"2rCjzPYgVRg","(실제 싸움) 러시아 군인 vs 전과자 파이터","2019-12-05T03:15:39.000Z","UCtj_00nn_viF6wJNeqgpEiA","차도르","17","19.08.12","차도르|차분한효도르|차분한|효도르|종합격투기|종합|격투기|꿀잼|대박|이고르 보브찬친|발리투도|발레타도|발레투도|발리 투도|발레 투도|무규칙 격투기|무규칙|무규칙격투기|헤비급|헤비급 파이터|차도르 보브찬친|차도르 이고르|마크 콜먼|마크콜먼|마크|콜먼|무술 토너먼트|무술 대회|무술대회|도장깨기 대회|도장깨기 토너먼트|차도르 도장깨기|차도르 무술대회|뚝배기 사범|똑배기 사범 도장깨기|뚝배기 도장깨기|뚝배기|뚝배기 차도르|차도르 뚝배기|스트렐카|STRELKA","536585","2170","198","396","https://i.ytimg.com/vi/2rCjzPYgVRg/default.jpg","False","False","STRELKA - Street Fight Championshiphttps://www.youtube.com/user/TRONMMArts/videos#전과자 #군인 #STRELKA"
"EXDTX7DxjVU","전교1등 엄마! vs 전교꼴등 엄마! 누가 더 행복할까?!?","2019-12-06T06:00:00.000Z","UCkG-Bpd44jV22xkAhzo0n9g","1등 미디어","20","19.08.12","웃찾사|문과1등|이과1등|이그젝틀리|이과젝틀리|김성기|신흥재|코미디|문과이과","100478","1630","84","357","https://i.ytimg.com/vi/EXDTX7DxjVU/default.jpg","False","False","전교 꼴등 아들을 둔 엄마와전교 일등 아들을 둔 엄마과연 두 엄마 중 누가 더 행복할까?!영상으로 확인하세요!"
"0STqoRpApM8","트럼프 군사행동 경고 당일, 美 중동서 金제거 리허설!","2019-12-05T19:30:00.000Z","UCbgqDFODvh-q38ouzoKKkVA","신인균의 국방TV","25","19.08.12","신인균|신인균의 국방TV|신인균의 군사TV|신인균TV|신인균의 안보TV|데일리디펜스|알기쉬운무기백과|알무백|디펜스브리핑|R9X|크리스마스선물|성탄절선물|역사를 바꾼 무기|판치르|Su-25|Su-24|Su-35|Su-47|B-1|F-16|F-15|F-35|B-2|AH-64|아파치","241355","15444","397","466","https://i.ytimg.com/vi/0STqoRpApM8/default.jpg","False","False","설명"
"DP77d366roE","Ep.4: 극한 상황 끝에 드디어 수원 왕갈비통닭 처음 먹어본 외국인 3명😫","2019-12-05T12:15:28.000Z","UCg-p3lQIqmhh7gHpyaOmOiQ","영국남자 Korean Englishman","23","19.08.12","Korean|영국남자|영국|조쉬|올리|Josh|Ollie|KoreanEnglish|English|Man|englishman|food|음식|외국인|반응|영상|웃긴|남자|외국|도전|매운|조니|조엘|댄|단|신부님|크리스|올리아빠|해물|치킨|삼겹살|korean|BBQ|fried|chicken|라면|불닭볶음면|미친남자","796231","32749","206","2689","https://i.ytimg.com/vi/DP77d366roE/default.jpg","False","False","어제 영상에서는 저희 좋은 친구 데이브를 초대(?) 해서 의도치않게 또 멘붕 시츄에이션에 빠지게 했는데요. 오늘은 수원의 전통시장에 가서 처음으로 올리를 혼자 내보내봅니다...😧Yesterday we called on the help of our good friend Dave, and while he spent the whole first episode completely baffled by the mess we had thrown him into, today we arrive at a very traditional market in Suwon, and send Ollie off on his own for the first time... 😧Huge thanks to everyone involved in the creation of this video:Written and Directed by Josh and OllieProducer/Editor: Grace ParkProducer/Editor/Translator: Hyemin LimCamera/Editor: Sejun LeeCamera: Ducky ChangTranslator: Hannah Kang"
"RsIXAXXkS44","ENG)맛있는 샌드위치,김치파스타 해 먹기,출근일상,연희동 맛집가는 평범한 일상","2019-12-05T09:30:04.000Z","UCSn90DAxCF3yRs6mFK0-8TA","ondo온도","22","19.08.12","브이로그|vlog|일상|김치파스타|샌드위치|연희동|출근|맛집","588761","16101","234","967","https://i.ytimg.com/vi/RsIXAXXkS44/default.jpg","False","False","sub-count : 831,000instagram :on_do__비지니스 이메일:on_do__@sandboxnetwork.net개인 이메일:on_do__@naver.com촬영:캐논 g7 mk2편집:vllo블로그 주소: https://m.blog.naver.com/on_do__💛제품 정보💛온도 디자인 제품 http://insideobject.com/product/list.html?cate_no=192삼각대 http://www.coupang.com/vp/products/94103373?itemId=291281614&sourceType=share&shareChannel=미니빔_lg 시네마빔https://www.coupang.com/vp/products/31865066?itemId=120058896&sourceType=share&shareChannel=오븐_위즈웰 http://www.iwiswell.com/커피머신_일리커피머신냄비_네오플램체크잠옷_ http://naver.me/FppFpPYn스트라이프 잠옷_ http://naver.me/5i6f6mzi캐리어-ESROCHE*인테리어 정보(협찬아니고 제가 직접 열심히 찾은 정보 입니다 !)원형좌식테이블 - http://m.shop.interpark.com/product/4953920091/0000100000소파 - http://naver.me/F1j7Tb0u 나무판 - https://www.coupang.com/vp/products/3716467?itemId=18311054&sourceType=share&shareChannel=슬리퍼 - https://www.coupang.com/vp/products/187615716?itemId=205427468&sourceType=share&shareChannel=원형러그 - https://www.coupang.com/vp/products/183396195?itemId=525082645&sourceType=share&shareChannel=옷걸이 - https://www.coupang.com/vp/products/159888099?itemId=459042761&sourceType=share&shareChannel=담요 - 이케아접이식 원목 스툴 https://www.coupang.com/vp/products/1755401?itemId=140868&sourceType=share&shareChannel=원목스툴 https://www.coupang.com/vp/products/6051375?itemId=27106573&sourceType=share&shareChannel=다이어리-오브젝트스티커 앨범 보관-교보문고-theopenhouse마스킹 테이프http://m.10x10.co.kr/category/category_itemprd.asp?itemid=2038044메세지&라벨스티커 세트http://m.10x10.co.kr/category/category_itemprd.asp?itemid=2186689체크 마스킹 테이프http://m.10x10.co.kr/category/category_itemprd.asp?itemid=1474251마스킹테이프 케이스http://m.10x10.co.kr/category/category_itemprd.asp?itemid=1672720"
"suAoB23hbKU","골킥 멀리 차기 세계신기록에 도전하는 조원희... 맨시티 에데르송 기록을 깰 수 있을까? l 슛포러브 Shoot for love","2019-12-05T11:01:31.000Z","UCdTDdygpZKdDew2s1s419iw","Shoot for Love 슛포러브","17","19.08.12","슛포러브|shootforlove|조원희|부산|에데르송|기네스북|멀리차기기네스북|신기록|동아시안컵|EAFFE-1챔피언십|국가대표|축구국가대표","625915","5333","146","2613","https://i.ytimg.com/vi/suAoB23hbKU/default.jpg","False","False","세계에서 가장 멀리차기에 도전하는 조원희...!맨시티 에데르송이 가지고 있는 75m 기록을 깰 수 있을까??==슛포러브 더보기 :Instagram : http://instagram.com/shoot_for_love/Facebook : http://facebook.com/shoot4love"
"ZA6GfOx8C0I","[12/06 인싸뉴스] 시진핑 한국 절대 오지 않는 이유 / 청와대 각본 감독 경찰 주연 울산선거","2019-12-06T01:27:46.000Z","UC0M-_02RJqMlGTKUjF1WhJg","가로세로연구소","25","19.08.12","가로세로연구소|강용석|김세의|김용호|변희재|울산|선거|청와대|경찰|검찰|윤석열|백원우|시진핑|양이|중국|친중|대만|박근혜|석방|강기정","203487","16336","809","336","https://i.ytimg.com/vi/ZA6GfOx8C0I/default.jpg","False","False","가로세로연구소 구독 후원 방법정기구독 후원 ARS 1877-0665기업은행 655-026629-01-014 (예금주 : (주)가로세로연구소)국민은행 465101-01-273030 (예금주 : (주)가로세로연구소)농협 301-0237-9687-51 (예금주 : (주)가로세로연구소)신한은행 140-012-467674 (예금주 : (주)가로세로연구소)우리은행 1005-903-621647 (예금주 : (주)가로세로연구소)KEB하나은행 155-910040-33004 (예금주 : (주)가로세로연구소)투네이션 기부 : https://toon.at/donate/hoverlabPaypal (해외거주자용) : https://paypal.me/hoverlabUSA Citi Bank : Account Number (9250716923), Routing Number (254070116), SWIFT Code (CITI US 33), Account Title (Hover Lab Co.), Address (14028 Marblestone Dr., Clifton, VA, USA 20124)CANADA Shinhan Bank : Account Number (700000149910), Institution Number (355), Transit Number (08101), SWIFT Code (SHBKCATTXXX), Account Title (Hover Lab Co.), Address (14028 Marblestone Dr., Clifton, VA, USA 20124)홈페이지 가입 : http://www.hoverlab2018.com카카오톡 채널 : http://pf.kakao.com/_ilWvT제보 이메일 : jebo2022@gmail.com"
